Row, Site, Dept, Chassis, Slot, PortGroup, PortIdx, Connection, Name, Status, Firmware, OwnershipState, OwnerHostname, OwnerUserId, OwnerTimestamp, Notes, Last Scan
1, CHN, SW, 10.61.36.100, 1, 1, 1,DUT 10.61.36.5 GibitEthernet1/0/1
(Directly Connect to H3C DUT Port1: 150.25.0.1/24), PhysicalPortGroup 2183, UP, 3.60.0880, OWNERSHIP_STATE_RESERVED, BEJ-YPZhuDell, ypzhu, Mon Oct 25 16:05:37 2010,None,2010-10-26 04:52:00
2, CHN, SW, 10.61.36.100, 1, 1, 2,SPIRENT 10.61.36.100//1/4
(Back to Back Connection), PhysicalPortGroup 2183, UP, 3.60.0880, OWNERSHIP_STATE_RESERVED, BEJ-YPZhuDell, ypzhu, Mon Oct 25 16:05:37 2010,None,2010-10-26 04:52:00
3, CHN, SW, 10.61.36.100, 1, 2, 3,DUT 10.61.36.100 GibitEthernet1/0/13
(Directly Connect to H3C DUT Port13:150.27.0.1/24), PhysicalPortGroup 2184, UP, 3.60.0880, OWNERSHIP_STATE_RESERVED, BEJ-YPZhuDell, ypzhu, Mon Oct 25 16:05:37 2010,None,2010-10-26 04:52:00
4, CHN, SW, 10.61.36.100, 1, 2, 4,SPIRENT 10.61.36.100//1/2
(Back to Back Connection), PhysicalPortGroup 2184, UP, 3.60.0880, OWNERSHIP_STATE_RESERVED, BEJ-YPZhuDell, ypzhu, Mon Oct 25 16:05:37 2010,None,2010-10-26 04:52:00
5, CHN, SW, 10.61.36.100, 1, 3, 5,DUT 10.61.36.5 GibitEthernet1/0/5
(Directly Connect to H3C DUT Port5: VlanID->500, 150.1.0.1/16), PhysicalPortGroup 2185, UP, 3.60.0880, OWNERSHIP_STATE_AVAILABLE, , , ,None,2010-10-26 04:52:00
6, CHN, SW, 10.61.36.100, 1, 3, 6,SPIRENT 10.61.36.100//1/8
(Back to Back Connection), PhysicalPortGroup 2185, UP, 3.60.0880, OWNERSHIP_STATE_AVAILABLE, , , ,None,2010-10-26 04:52:00
7, CHN, SW, 10.61.36.100, 1, 4, 7,DUT 10.61.36.5 GibitEthernet1/0/7
(Directly Connect to H3C DUT Port7: VlanID->700, 170.1.0.1/16), PhysicalPortGroup 2186, UP, 3.60.0880, OWNERSHIP_STATE_AVAILABLE, , , ,None,2010-10-26 04:52:00
8, CHN, SW, 10.61.36.100, 1, 4, 8,SPIRENT 10.61.36.100//1/6
(Back to Back Connection), PhysicalPortGroup 2186, UP, 3.60.0880, OWNERSHIP_STATE_AVAILABLE, , , ,None,2010-10-26 04:52:00
9, CHN, SW, 10.61.36.100, 6, 1, 1,TBD, PhysicalPortGroup 2187, UP, 3.60.2480, OWNERSHIP_STATE_RESERVED, BEJ-GliDell, GLi, Mon Oct 25 10:07:03 2010,None,2010-10-26 04:52:00
10, CHN, SW, 10.61.36.100, 6, 2, 2,TBD, PhysicalPortGroup 2101, UNKNOWN, 0, OWNERSHIP_STATE_AVAILABLE, , , ,None,2010-10-15 16:17:00
11, CHN, SW, 10.61.36.100, 6, 3, 3,TBD, PhysicalPortGroup 2102, UNKNOWN, 0, OWNERSHIP_STATE_AVAILABLE, , , ,None,2010-10-15 16:17:00
12, CHN, SW, 10.61.36.100, 6, 4, 4,TBD, PhysicalPortGroup 2103, UNKNOWN, 0, OWNERSHIP_STATE_AVAILABLE, , , ,None,2010-10-15 16:17:00
13, CHN, SW, 10.61.36.100, 6, 3, 5,TBD, PhysicalPortGroup 2189, UP, 3.60.2480, OWNERSHIP_STATE_AVAILABLE, , , ,None,2010-10-26 04:52:00
14, CHN, SW, 10.61.36.100, 6, 3, 6,TBD, PhysicalPortGroup 2189, UP, 3.60.2480, OWNERSHIP_STATE_AVAILABLE, , , ,None,2010-10-26 04:52:00
15, CHN, SW, 10.61.36.100, 6, 4, 7,TBD, PhysicalPortGroup 2190, UP, 3.60.2480, OWNERSHIP_STATE_AVAILABLE, , , ,None,2010-10-26 04:52:00
16, CHN, SW, 10.61.36.100, 6, 4, 8,TBD, PhysicalPortGroup 2190, UP, 3.60.2480, OWNERSHIP_STATE_AVAILABLE, , , ,None,2010-10-26 04:52:00
17, CHN, TBD, 10.61.37.10, 1, 1, 1,SPIRENT 10.61.37.10//1/3
(dddd), PhysicalPortGroup 2221, UP, 3.60.2600, OWNERSHIP_STATE_AVAILABLE, , , ,None,2010-10-26 04:52:00
18, CHN, TBD, 10.61.37.10, 1, 1, 2,TBD, PhysicalPortGroup 2221, UP, 3.60.2600, OWNERSHIP_STATE_AVAILABLE, , , ,None,2010-10-26 04:52:00
19, CHN, TBD, 10.61.37.10, 1, 2, 3,SPIRENT 10.61.37.10//1/1
(dddd), PhysicalPortGroup 2222, UP, 3.60.2600, OWNERSHIP_STATE_AVAILABLE, , , ,None,2010-10-26 04:52:00
20, CHN, TBD, 10.61.37.10, 1, 2, 4,TBD, PhysicalPortGroup 2222, UP, 3.60.2600, OWNERSHIP_STATE_AVAILABLE, , , ,None,2010-10-26 04:52:00
21, CHN, TBD, 10.61.37.10, 1, 3, 5,TBD, PhysicalPortGroup 2223, UP, 3.60.2600, OWNERSHIP_STATE_AVAILABLE, , , ,None,2010-10-26 04:52:00
22, CHN, TBD, 10.61.37.10, 1, 3, 6,TBD, PhysicalPortGroup 2223, UP, 3.60.2600, OWNERSHIP_STATE_AVAILABLE, , , ,None,2010-10-26 04:52:00
23, CHN, TBD, 10.61.37.10, 1, 4, 7,TBD, PhysicalPortGroup 2224, UP, 3.60.2600, OWNERSHIP_STATE_AVAILABLE, , , ,None,2010-10-26 04:52:00
24, CHN, TBD, 10.61.37.10, 1, 4, 8,TBD, PhysicalPortGroup 2224, UP, 3.60.2600, OWNERSHIP_STATE_AVAILABLE, , , ,None,2010-10-26 04:52:00
25, CHN, TBD, 10.61.37.10, 2, 1, 1,TBD, PhysicalPortGroup 2225, UP, 3.60.2600, OWNERSHIP_STATE_AVAILABLE, , , ,None,2010-10-26 04:52:00
26, CHN, TBD, 10.61.37.10, 2, 1, 2,TBD, PhysicalPortGroup 2225, UP, 3.60.2600, OWNERSHIP_STATE_AVAILABLE, , , ,None,2010-10-26 04:52:00
27, CHN, TBD, 10.61.37.10, 2, 2, 3,TBD, PhysicalPortGroup 2226, UP, 3.60.2600, OWNERSHIP_STATE_AVAILABLE, , , ,None,2010-10-26 04:52:00
28, CHN, TBD, 10.61.37.10, 2, 2, 4,TBD, PhysicalPortGroup 2226, UP, 3.60.2600, OWNERSHIP_STATE_AVAILABLE, , , ,None,2010-10-26 04:52:00
29, CHN, TBD, 10.61.37.10, 2, 3, 5,TBD, PhysicalPortGroup 2227, UP, 3.60.2600, OWNERSHIP_STATE_RESERVED, BEJ-YTiandell, Ytian, Mon Oct 25 15:50:11 2010,None,2010-10-26 04:52:00
30, CHN, TBD, 10.61.37.10, 2, 3, 6,TBD, PhysicalPortGroup 2227, UP, 3.60.2600, OWNERSHIP_STATE_RESERVED, BEJ-YTiandell, Ytian, Mon Oct 25 15:50:11 2010,None,2010-10-26 04:52:00
31, CHN, TBD, 10.61.37.10, 2, 4, 7,TBD, PhysicalPortGroup 2228, UP, 3.60.2600, OWNERSHIP_STATE_RESERVED, BEJ-YTiandell, Ytian, Mon Oct 25 15:50:11 2010,None,2010-10-26 04:52:00
32, CHN, TBD, 10.61.37.10, 2, 4, 8,TBD, PhysicalPortGroup 2228, UP, 3.60.2600, OWNERSHIP_STATE_RESERVED, BEJ-YTiandell, Ytian, Mon Oct 25 15:50:11 2010,None,2010-10-26 04:52:00
33, CHN, TBD, 10.61.37.10, 3, 1, 1,TBD, PhysicalPortGroup 2229, UP, 3.60.2600, OWNERSHIP_STATE_AVAILABLE, , , ,None,2010-10-26 04:52:00
34, CHN, TBD, 10.61.37.10, 3, 1, 2,TBD, PhysicalPortGroup 2229, UP, 3.60.2600, OWNERSHIP_STATE_AVAILABLE, , , ,None,2010-10-26 04:52:00
35, CHN, TBD, 10.61.37.10, 3, 2, 3,TBD, PhysicalPortGroup 2230, UP, 3.60.2600, OWNERSHIP_STATE_AVAILABLE, , , ,None,2010-10-26 04:52:00
36, CHN, TBD, 10.61.37.10, 3, 2, 4,TBD, PhysicalPortGroup 2230, UP, 3.60.2600, OWNERSHIP_STATE_AVAILABLE, , , ,None,2010-10-26 04:52:00
37, CHN, TBD, 10.61.37.10, 3, 3, 5,TBD, PhysicalPortGroup 2231, UP, 3.60.2600, OWNERSHIP_STATE_AVAILABLE, , , ,None,2010-10-26 04:52:00
38, CHN, TBD, 10.61.37.10, 3, 3, 6,TBD, PhysicalPortGroup 2231, UP, 3.60.2600, OWNERSHIP_STATE_AVAILABLE, , , ,None,2010-10-26 04:52:00
39, CHN, TBD, 10.61.37.10, 3, 4, 7,TBD, PhysicalPortGroup 2232, UP, 3.60.2600, OWNERSHIP_STATE_AVAILABLE, , , ,None,2010-10-26 04:52:00
40, CHN, TBD, 10.61.37.10, 3, 4, 8,TBD, PhysicalPortGroup 2232, UP, 3.60.2600, OWNERSHIP_STATE_AVAILABLE, , , ,None,2010-10-26 04:52:00
41, CHN, TBD, 10.61.37.10, 3, 5, 9,TBD, PhysicalPortGroup 2233, UP, 3.60.2600, OWNERSHIP_STATE_AVAILABLE, , , ,None,2010-10-26 04:52:00
42, CHN, TBD, 10.61.37.10, 3, 5, 10,TBD, PhysicalPortGroup 2233, UP, 3.60.2600, OWNERSHIP_STATE_AVAILABLE, , , ,None,2010-10-26 04:52:00
43, CHN, TBD, 10.61.37.10, 3, 6, 11,TBD, PhysicalPortGroup 2234, UP, 3.60.2600, OWNERSHIP_STATE_AVAILABLE, , , ,None,2010-10-26 04:52:00
44, CHN, TBD, 10.61.37.10, 3, 6, 12,TBD, PhysicalPortGroup 2234, UP, 3.60.2600, OWNERSHIP_STATE_AVAILABLE, , , ,None,2010-10-26 04:52:00
45, CHN, TBD, 10.61.37.10, 4, 1, 1,TBD, PhysicalPortGroup 2209, UP, 3.60.2600, OWNERSHIP_STATE_AVAILABLE, , , ,None,2010-10-26 04:52:00
46, CHN, TBD, 10.61.37.10, 4, 1, 2,TBD, PhysicalPortGroup 2209, UP, 3.60.2600, OWNERSHIP_STATE_AVAILABLE, , , ,None,2010-10-26 04:52:00
47, CHN, TBD, 10.61.37.10, 4, 2, 3,TBD, PhysicalPortGroup 2210, UP, 3.60.2600, OWNERSHIP_STATE_AVAILABLE, , , ,None,2010-10-26 04:52:00
48, CHN, TBD, 10.61.37.10, 4, 2, 4,TBD, PhysicalPortGroup 2210, UP, 3.60.2600, OWNERSHIP_STATE_AVAILABLE, , , ,None,2010-10-26 04:52:00
49, CHN, TBD, 10.61.37.10, 4, 3, 5,TBD, PhysicalPortGroup 2211, UP, 3.60.2600, OWNERSHIP_STATE_AVAILABLE, , , ,None,2010-10-26 04:52:00
50, CHN, TBD, 10.61.37.10, 4, 3, 6,TBD, PhysicalPortGroup 2211, UP, 3.60.2600, OWNERSHIP_STATE_AVAILABLE, , , ,None,2010-10-26 04:52:00
51, CHN, TBD, 10.61.37.10, 4, 4, 7,TBD, PhysicalPortGroup 2212, UP, 3.60.2600, OWNERSHIP_STATE_AVAILABLE, , , ,None,2010-10-26 04:52:00
52, CHN, TBD, 10.61.37.10, 4, 4, 8,TBD, PhysicalPortGroup 2212, UP, 3.60.2600, OWNERSHIP_STATE_AVAILABLE, , , ,None,2010-10-26 04:52:00
53, CHN, TBD, 10.61.37.10, 4, 5, 9,TBD, PhysicalPortGroup 2213, UP, 3.60.2600, OWNERSHIP_STATE_AVAILABLE, , , ,None,2010-10-26 04:52:00
54, CHN, TBD, 10.61.37.10, 4, 5, 10,TBD, PhysicalPortGroup 2213, UP, 3.60.2600, OWNERSHIP_STATE_AVAILABLE, , , ,None,2010-10-26 04:52:00
55, CHN, TBD, 10.61.37.10, 4, 6, 11,TBD, PhysicalPortGroup 2214, UP, 3.60.2600, OWNERSHIP_STATE_AVAILABLE, , , ,None,2010-10-26 04:52:00
56, CHN, TBD, 10.61.37.10, 4, 6, 12,TBD, PhysicalPortGroup 2214, UP, 3.60.2600, OWNERSHIP_STATE_AVAILABLE, , , ,None,2010-10-26 04:52:00
57, CHN, TBD, 10.61.37.10, 5, 1, 1,TBD, PhysicalPortGroup 2215, UP, 3.60.2600, OWNERSHIP_STATE_AVAILABLE, , , ,None,2010-10-26 04:52:00
58, CHN, TBD, 10.61.37.10, 5, 1, 2,TBD, PhysicalPortGroup 2215, UP, 3.60.2600, OWNERSHIP_STATE_AVAILABLE, , , ,None,2010-10-26 04:52:00
59, CHN, TBD, 10.61.37.10, 5, 2, 3,TBD, PhysicalPortGroup 2216, UP, 3.60.2600, OWNERSHIP_STATE_AVAILABLE, , , ,None,2010-10-26 04:52:00
60, CHN, TBD, 10.61.37.10, 5, 2, 4,TBD, PhysicalPortGroup 2216, UP, 3.60.2600, OWNERSHIP_STATE_AVAILABLE, , , ,None,2010-10-26 04:52:00
61, CHN, TBD, 10.61.37.10, 5, 3, 5,TBD, PhysicalPortGroup 2217, UP, 3.60.2600, OWNERSHIP_STATE_AVAILABLE, , , ,None,2010-10-26 04:52:00
62, CHN, TBD, 10.61.37.10, 5, 3, 6,TBD, PhysicalPortGroup 2217, UP, 3.60.2600, OWNERSHIP_STATE_AVAILABLE, , , ,None,2010-10-26 04:52:00
63, CHN, TBD, 10.61.37.10, 5, 4, 7,TBD, PhysicalPortGroup 2218, UP, 3.60.2600, OWNERSHIP_STATE_AVAILABLE, , , ,None,2010-10-26 04:52:00
64, CHN, TBD, 10.61.37.10, 5, 4, 8,TBD, PhysicalPortGroup 2218, UP, 3.60.2600, OWNERSHIP_STATE_AVAILABLE, , , ,None,2010-10-26 04:52:00
65, CHN, TBD, 10.61.37.10, 5, 5, 9,TBD, PhysicalPortGroup 2219, UP, 3.60.2600, OWNERSHIP_STATE_AVAILABLE, , , ,None,2010-10-26 04:52:00
66, CHN, TBD, 10.61.37.10, 5, 5, 10,TBD, PhysicalPortGroup 2219, UP, 3.60.2600, OWNERSHIP_STATE_AVAILABLE, , , ,None,2010-10-26 04:52:00
67, CHN, TBD, 10.61.37.10, 5, 6, 11,TBD, PhysicalPortGroup 2220, UP, 3.60.2600, OWNERSHIP_STATE_AVAILABLE, , , ,None,2010-10-26 04:52:00
68, CHN, TBD, 10.61.37.10, 5, 6, 12,TBD, PhysicalPortGroup 2220, UP, 3.60.2600, OWNERSHIP_STATE_AVAILABLE, , , ,None,2010-10-26 04:52:00
69, CHN, TBD, 10.61.37.10, 6, 1, 1,TBD, PhysicalPortGroup 2203, UP, 3.60.2600, OWNERSHIP_STATE_RESERVED, spirentpv1, jding, Mon Oct 25 15:36:02 2010,None,2010-10-26 04:52:00
70, CHN, TBD, 10.61.37.10, 6, 1, 2,TBD, PhysicalPortGroup 2203, UP, 3.60.2600, OWNERSHIP_STATE_RESERVED, spirentpv1, jding, Mon Oct 25 15:36:02 2010,None,2010-10-26 04:52:00
71, CHN, TBD, 10.61.37.10, 6, 2, 3,TBD, PhysicalPortGroup 2204, UP, 3.60.2600, OWNERSHIP_STATE_RESERVED, spirentpv1, jding, Mon Oct 25 15:36:02 2010,None,2010-10-26 04:52:00
72, CHN, TBD, 10.61.37.10, 6, 2, 4,TBD, PhysicalPortGroup 2204, UP, 3.60.2600, OWNERSHIP_STATE_RESERVED, spirentpv1, jding, Mon Oct 25 15:36:02 2010,None,2010-10-26 04:52:00
73, CHN, TBD, 10.61.37.10, 6, 3, 5,TBD, PhysicalPortGroup 2205, UP, 3.60.2600, OWNERSHIP_STATE_AVAILABLE, , , ,None,2010-10-26 04:52:00
74, CHN, TBD, 10.61.37.10, 6, 3, 6,TBD, PhysicalPortGroup 2205, UP, 3.60.2600, OWNERSHIP_STATE_AVAILABLE, , , ,None,2010-10-26 04:52:00
75, CHN, TBD, 10.61.37.10, 6, 4, 7,TBD, PhysicalPortGroup 2206, UP, 3.60.2600, OWNERSHIP_STATE_AVAILABLE, , , ,None,2010-10-26 04:52:00
76, CHN, TBD, 10.61.37.10, 6, 4, 8,TBD, PhysicalPortGroup 2206, UP, 3.60.2600, OWNERSHIP_STATE_AVAILABLE, , , ,None,2010-10-26 04:52:00
77, CHN, TBD, 10.61.37.10, 6, 5, 9,TBD, PhysicalPortGroup 2207, UP, 3.60.2600, OWNERSHIP_STATE_AVAILABLE, , , ,None,2010-10-26 04:52:00
78, CHN, TBD, 10.61.37.10, 6, 5, 10,TBD, PhysicalPortGroup 2207, UP, 3.60.2600, OWNERSHIP_STATE_AVAILABLE, , , ,None,2010-10-26 04:52:00
79, CHN, TBD, 10.61.37.10, 6, 6, 11,TBD, PhysicalPortGroup 2208, UP, 3.60.2600, OWNERSHIP_STATE_AVAILABLE, , , ,None,2010-10-26 04:52:00
80, CHN, TBD, 10.61.37.10, 6, 6, 12,TBD, PhysicalPortGroup 2208, UP, 3.60.2600, OWNERSHIP_STATE_AVAILABLE, , , ,None,2010-10-26 04:52:00
81, CHN, TBD, 10.61.37.10, 7, 1, 1,TBD, PhysicalPortGroup 2197, UP, 3.60.2600, OWNERSHIP_STATE_AVAILABLE, , , ,None,2010-10-26 04:52:00
82, CHN, TBD, 10.61.37.10, 7, 1, 2,TBD, PhysicalPortGroup 2197, UP, 3.60.2600, OWNERSHIP_STATE_AVAILABLE, , , ,None,2010-10-26 04:52:00
83, CHN, TBD, 10.61.37.10, 7, 2, 3,TBD, PhysicalPortGroup 2198, UP, 3.60.2600, OWNERSHIP_STATE_AVAILABLE, , , ,None,2010-10-26 04:52:00
84, CHN, TBD, 10.61.37.10, 7, 2, 4,TBD, PhysicalPortGroup 2198, UP, 3.60.2600, OWNERSHIP_STATE_AVAILABLE, , , ,None,2010-10-26 04:52:00
85, CHN, TBD, 10.61.37.10, 7, 3, 5,TBD, PhysicalPortGroup 2199, UP, 3.60.2600, OWNERSHIP_STATE_AVAILABLE, , , ,None,2010-10-26 04:52:00
86, CHN, TBD, 10.61.37.10, 7, 3, 6,TBD, PhysicalPortGroup 2199, UP, 3.60.2600, OWNERSHIP_STATE_AVAILABLE, , , ,None,2010-10-26 04:52:00
87, CHN, TBD, 10.61.37.10, 7, 4, 7,TBD, PhysicalPortGroup 2200, UP, 3.60.2600, OWNERSHIP_STATE_AVAILABLE, , , ,None,2010-10-26 04:52:00
88, CHN, TBD, 10.61.37.10, 7, 4, 8,TBD, PhysicalPortGroup 2200, UP, 3.60.2600, OWNERSHIP_STATE_AVAILABLE, , , ,None,2010-10-26 04:52:00
89, CHN, TBD, 10.61.37.10, 7, 5, 9,TBD, PhysicalPortGroup 2201, DOWN, 3.60.2600, OWNERSHIP_STATE_AVAILABLE, , , ,None,2010-10-26 04:52:00
90, CHN, TBD, 10.61.37.10, 7, 5, 10,TBD, PhysicalPortGroup 2201, DOWN, 3.60.2600, OWNERSHIP_STATE_AVAILABLE, , , ,None,2010-10-26 04:52:00
91, CHN, TBD, 10.61.37.10, 7, 6, 11,TBD, PhysicalPortGroup 2202, UP, 3.60.2600, OWNERSHIP_STATE_AVAILABLE, , , ,None,2010-10-26 04:52:00
92, CHN, TBD, 10.61.37.10, 7, 6, 12,TBD, PhysicalPortGroup 2202, UP, 3.60.2600, OWNERSHIP_STATE_AVAILABLE, , , ,None,2010-10-26 04:52:00
93, CHN, TBD, 10.61.37.10, 8, 1, 1,TBD, PhysicalPortGroup 2195, UP, 3.60.2600, OWNERSHIP_STATE_RESERVED, PV-EL3, Executer, Mon Oct 25 11:27:13 2010,None,2010-10-26 04:52:00
94, CHN, TBD, 10.61.37.10, 8, 1, 2,TBD, PhysicalPortGroup 2195, UP, 3.60.2600, OWNERSHIP_STATE_RESERVED, PV-EL3, Executer, Mon Oct 25 11:27:13 2010,None,2010-10-26 04:52:00
95, CHN, TBD, 10.61.37.10, 8, 2, 3,TBD, PhysicalPortGroup 2196, UP, 3.60.2600, OWNERSHIP_STATE_RESERVED, PV-EL3, Executer, Mon Oct 25 11:27:13 2010,None,2010-10-26 04:52:00
96, CHN, TBD, 10.61.37.10, 8, 2, 4,TBD, PhysicalPortGroup 2196, UP, 3.60.2600, OWNERSHIP_STATE_RESERVED, PV-EL3, Executer, Mon Oct 25 11:27:13 2010,None,2010-10-26 04:52:00
97, CHN, TBD, 10.61.37.10, 9, 1, 1,TBD, PhysicalPortGroup 2193, UP, 3.60.2600, OWNERSHIP_STATE_RESERVED, PV-EL3, ELiu, Mon Oct 25 11:36:24 2010,None,2010-10-26 04:52:00
98, CHN, TBD, 10.61.37.10, 9, 1, 2,TBD, PhysicalPortGroup 2193, UP, 3.60.2600, OWNERSHIP_STATE_RESERVED, PV-EL3, ELiu, Mon Oct 25 11:36:24 2010,None,2010-10-26 04:52:00
99, CHN, TBD, 10.61.37.10, 9, 2, 3,TBD, PhysicalPortGroup 2194, UP, 3.60.2600, OWNERSHIP_STATE_RESERVED, PV-EL3, ELiu, Mon Oct 25 11:36:24 2010,None,2010-10-26 04:52:00
100, CHN, TBD, 10.61.37.10, 9, 2, 4,TBD, PhysicalPortGroup 2194, UP, 3.60.2600, OWNERSHIP_STATE_RESERVED, PV-EL3, ELiu, Mon Oct 25 11:36:24 2010,None,2010-10-26 04:52:00
101, CHN, TBD, 10.61.37.10, 10, 1, 1,TBD, PhysicalPortGroup 2191, UP, 3.60.2600, OWNERSHIP_STATE_AVAILABLE, , , ,None,2010-10-26 04:52:00
102, CHN, TBD, 10.61.37.10, 10, 1, 2,TBD, PhysicalPortGroup 2191, UP, 3.60.2600, OWNERSHIP_STATE_AVAILABLE, , , ,None,2010-10-26 04:52:00
103, CHN, TBD, 10.61.37.10, 10, 2, 3,TBD, PhysicalPortGroup 2192, UP, 3.60.2600, OWNERSHIP_STATE_AVAILABLE, , , ,None,2010-10-26 04:52:00
104, CHN, TBD, 10.61.37.10, 10, 2, 4,TBD, PhysicalPortGroup 2192, UP, 3.60.2600, OWNERSHIP_STATE_AVAILABLE, , , ,None,2010-10-26 04:52:00
105, CHN, TBD, 10.61.37.10, 11, 1, 1,TBD, PhysicalPortGroup 57860, UNKNOWN, 3.60.1250, OWNERSHIP_STATE_AVAILABLE, , , ,None,2010-09-10 10:05:00
106, CHN, TBD, 10.61.37.10, 11, 1, 2,TBD, PhysicalPortGroup 57860, UNKNOWN, 3.60.1250, OWNERSHIP_STATE_AVAILABLE, , , ,None,2010-09-10 10:05:00
107, CHN, TBD, 10.61.37.10, 11, 2, 3,TBD, PhysicalPortGroup 57861, UNKNOWN, 3.60.1250, OWNERSHIP_STATE_AVAILABLE, , , ,None,2010-09-10 10:05:00
108, CHN, TBD, 10.61.37.10, 11, 2, 4,TBD, PhysicalPortGroup 57861, UNKNOWN, 3.60.1250, OWNERSHIP_STATE_AVAILABLE, , , ,None,2010-09-10 10:05:00
109, CHN, TBD, 10.61.37.10, 12, 1, 1,TBD, PhysicalPortGroup 57858, UNKNOWN, 3.60.1250, OWNERSHIP_STATE_AVAILABLE, , , ,None,2010-09-10 10:05:00
110, CHN, TBD, 10.61.37.10, 12, 1, 2,TBD, PhysicalPortGroup 57858, UNKNOWN, 3.60.1250, OWNERSHIP_STATE_AVAILABLE, , , ,None,2010-09-10 10:05:00
111, CHN, TBD, 10.61.37.10, 12, 2, 3,TBD, PhysicalPortGroup 57859, UNKNOWN, 3.60.1250, OWNERSHIP_STATE_AVAILABLE, , , ,None,2010-09-10 10:05:00
112, CHN, TBD, 10.61.37.10, 12, 2, 4,TBD, PhysicalPortGroup 57859, UNKNOWN, 3.60.1250, OWNERSHIP_STATE_AVAILABLE, , , ,None,2010-09-10 10:05:00
113, CHN, TBD, 10.61.37.2, 1, 1, 1,TBD, PhysicalPortGroup 2285, UNKNOWN, 3.421.0283, OWNERSHIP_STATE_AVAILABLE, , , ,None,2010-10-22 10:43:00
114, CHN, TBD, 10.61.37.2, 1, 2, 2,TBD, PhysicalPortGroup 2286, UNKNOWN, 3.421.0283, OWNERSHIP_STATE_AVAILABLE, , , ,None,2010-10-22 10:43:00
115, CHN, TBD, 10.61.37.2, 1, 3, 3,TBD, PhysicalPortGroup 2287, UNKNOWN, 3.421.0283, OWNERSHIP_STATE_AVAILABLE, , , ,None,2010-10-22 10:43:00
116, CHN, TBD, 10.61.37.2, 1, 4, 4,TBD, PhysicalPortGroup 2288, UNKNOWN, 3.421.0283, OWNERSHIP_STATE_AVAILABLE, , , ,None,2010-10-22 10:43:00
117, CHN, TBD, 10.61.37.2, 1, 3, 5,TBD, PhysicalPortGroup 446258, UNKNOWN, 3.55.3016, OWNERSHIP_STATE_AVAILABLE, , , ,None,2010-09-24 11:27:00
118, CHN, TBD, 10.61.37.2, 1, 3, 6,TBD, PhysicalPortGroup 446258, UNKNOWN, 3.55.3016, OWNERSHIP_STATE_AVAILABLE, , , ,None,2010-09-24 11:27:00
119, CHN, TBD, 10.61.37.2, 1, 4, 7,TBD, PhysicalPortGroup 446259, UNKNOWN, 3.55.3016, OWNERSHIP_STATE_AVAILABLE, , , ,None,2010-09-24 11:27:00
120, CHN, TBD, 10.61.37.2, 1, 4, 8,TBD, PhysicalPortGroup 446259, UNKNOWN, 3.55.3016, OWNERSHIP_STATE_AVAILABLE, , , ,None,2010-09-24 11:27:00
121, CHN, TBD, 10.61.37.2, 2, 1, 1,TBD, PhysicalPortGroup 2237, UP, 3.55.3576, OWNERSHIP_STATE_AVAILABLE, , , ,None,2010-10-26 04:52:00
122, CHN, TBD, 10.61.37.2, 2, 1, 2,TBD, PhysicalPortGroup 2237, UP, 3.55.3576, OWNERSHIP_STATE_AVAILABLE, , , ,None,2010-10-26 04:52:00
123, CHN, TBD, 10.61.37.2, 2, 2, 3,TBD, PhysicalPortGroup 2238, UP, 3.55.3576, OWNERSHIP_STATE_AVAILABLE, , , ,None,2010-10-26 04:52:00
124, CHN, TBD, 10.61.37.2, 2, 2, 4,TBD, PhysicalPortGroup 2238, UP, 3.55.3576, OWNERSHIP_STATE_AVAILABLE, , , ,None,2010-10-26 04:52:00
125, CHN, TBD, 10.61.37.2, 3, 1, 1,TBD, PhysicalPortGroup 2236, UP, 3.55.3576, OWNERSHIP_STATE_AVAILABLE, , , ,None,2010-10-26 04:52:00
126, CHN, TBD, 10.61.37.2, 4, 1, 1,TBD, PhysicalPortGroup 2235, UP, 3.55.3576, OWNERSHIP_STATE_AVAILABLE, , , ,None,2010-10-26 04:52:00
127, CHN, TBD, 10.61.37.2, 7, 1, 1,TBD, PhysicalPortGroup 2293, UNKNOWN, 3.421.0283, OWNERSHIP_STATE_AVAILABLE, , , ,None,2010-10-22 10:43:00
128, CHN, TBD, 10.61.37.2, 7, 1, 2,TBD, PhysicalPortGroup 2293, UNKNOWN, 3.421.0283, OWNERSHIP_STATE_AVAILABLE, , , ,None,2010-10-22 10:43:00
129, CHN, TBD, 10.61.37.2, 7, 2, 3,TBD, PhysicalPortGroup 2294, UNKNOWN, 3.421.0283, OWNERSHIP_STATE_AVAILABLE, , , ,None,2010-10-22 10:43:00
130, CHN, TBD, 10.61.37.2, 7, 2, 4,TBD, PhysicalPortGroup 2294, UNKNOWN, 3.421.0283, OWNERSHIP_STATE_AVAILABLE, , , ,None,2010-10-22 10:43:00
131, CHN, TBD, 10.61.37.2, 7, 3, 5,TBD, PhysicalPortGroup 2295, UNKNOWN, 3.421.0283, OWNERSHIP_STATE_AVAILABLE, , , ,None,2010-10-22 10:43:00
132, CHN, TBD, 10.61.37.2, 7, 3, 6,TBD, PhysicalPortGroup 2295, UNKNOWN, 3.421.0283, OWNERSHIP_STATE_AVAILABLE, , , ,None,2010-10-22 10:43:00
133, CHN, TBD, 10.61.37.2, 7, 4, 7,TBD, PhysicalPortGroup 2296, UNKNOWN, 3.421.0283, OWNERSHIP_STATE_AVAILABLE, , , ,None,2010-10-22 10:43:00
134, CHN, TBD, 10.61.37.2, 7, 4, 8,TBD, PhysicalPortGroup 2296, UNKNOWN, 3.421.0283, OWNERSHIP_STATE_AVAILABLE, , , ,None,2010-10-22 10:43:00
135, CHN, TBD, 10.61.37.2, 9, 1, 1,TBD, PhysicalPortGroup 2297, UNKNOWN, 3.421.0283, OWNERSHIP_STATE_AVAILABLE, , , ,None,2010-10-22 10:43:00
136, CHN, TBD, 10.61.37.2, 9, 1, 2,TBD, PhysicalPortGroup 2297, UNKNOWN, 3.421.0283, OWNERSHIP_STATE_AVAILABLE, , , ,None,2010-10-22 10:43:00
137, CHN, TBD, 10.61.37.2, 9, 2, 3,TBD, PhysicalPortGroup 2298, UNKNOWN, 3.421.0283, OWNERSHIP_STATE_AVAILABLE, , , ,None,2010-10-22 10:43:00
138, CHN, TBD, 10.61.37.2, 9, 2, 4,TBD, PhysicalPortGroup 2298, UNKNOWN, 3.421.0283, OWNERSHIP_STATE_AVAILABLE, , , ,None,2010-10-22 10:43:00
139, CHN, TBD, 10.61.37.2, 9, 3, 5,TBD, PhysicalPortGroup 2299, UNKNOWN, 3.421.0283, OWNERSHIP_STATE_AVAILABLE, , , ,None,2010-10-22 10:43:00
140, CHN, TBD, 10.61.37.2, 9, 3, 6,TBD, PhysicalPortGroup 2299, UNKNOWN, 3.421.0283, OWNERSHIP_STATE_AVAILABLE, , , ,None,2010-10-22 10:43:00
141, CHN, TBD, 10.61.37.2, 9, 4, 7,TBD, PhysicalPortGroup 2300, UNKNOWN, 3.421.0283, OWNERSHIP_STATE_AVAILABLE, , , ,None,2010-10-22 10:43:00
142, CHN, TBD, 10.61.37.2, 9, 4, 8,TBD, PhysicalPortGroup 2300, UNKNOWN, 3.421.0283, OWNERSHIP_STATE_AVAILABLE, , , ,None,2010-10-22 10:43:00
143, CHN, TBD, 10.61.37.2, 11, 1, 1,TBD, PhysicalPortGroup 2301, UNKNOWN, 3.421.0283, OWNERSHIP_STATE_AVAILABLE, , , ,None,2010-10-22 10:43:00
144, CHN, TBD, 10.61.37.2, 12, 1, 1,TBD, PhysicalPortGroup 2302, UNKNOWN, 3.421.0283, OWNERSHIP_STATE_AVAILABLE, , , ,None,2010-10-22 10:43:00
145, CHN, TBD, 10.61.37.22, 1, 1, 1,TBD, PhysicalPortGroup 2239, UP, 3.50.4410, OWNERSHIP_STATE_AVAILABLE, , , ,None,2010-10-26 04:52:00
146, CHN, TBD, 10.61.37.22, 1, 1, 2,TBD, PhysicalPortGroup 2239, UP, 3.50.4410, OWNERSHIP_STATE_AVAILABLE, , , ,None,2010-10-26 04:52:00
147, CHN, TBD, 10.61.37.22, 1, 2, 3,TBD, PhysicalPortGroup 2240, UP, 3.50.4410, OWNERSHIP_STATE_AVAILABLE, , , ,None,2010-10-26 04:52:00
148, CHN, TBD, 10.61.37.22, 1, 2, 4,TBD, PhysicalPortGroup 2240, UP, 3.50.4410, OWNERSHIP_STATE_AVAILABLE, , , ,None,2010-10-26 04:52:00
149, CHN, TBD, 10.61.37.22, 1, 3, 5,TBD, PhysicalPortGroup 2241, UP, 3.50.4410, OWNERSHIP_STATE_AVAILABLE, , , ,None,2010-10-26 04:52:00
150, CHN, TBD, 10.61.37.22, 1, 3, 6,TBD, PhysicalPortGroup 2241, UP, 3.50.4410, OWNERSHIP_STATE_AVAILABLE, , , ,None,2010-10-26 04:52:00
151, CHN, TBD, 10.61.37.22, 1, 4, 7,TBD, PhysicalPortGroup 2242, UP, 3.50.4410, OWNERSHIP_STATE_AVAILABLE, , , ,None,2010-10-26 04:52:00
152, CHN, TBD, 10.61.37.22, 1, 4, 8,TBD, PhysicalPortGroup 2242, UP, 3.50.4410, OWNERSHIP_STATE_AVAILABLE, , , ,None,2010-10-26 04:52:00
153, CHN, TBD, 10.61.37.22, 1, 5, 9,TBD, PhysicalPortGroup 2243, UP, 3.50.4410, OWNERSHIP_STATE_AVAILABLE, , , ,None,2010-10-26 04:52:00
154, CHN, TBD, 10.61.37.22, 1, 5, 10,TBD, PhysicalPortGroup 2243, UP, 3.50.4410, OWNERSHIP_STATE_AVAILABLE, , , ,None,2010-10-26 04:52:00
155, CHN, TBD, 10.61.37.22, 1, 6, 11,TBD, PhysicalPortGroup 2244, UP, 3.50.4410, OWNERSHIP_STATE_AVAILABLE, , , ,None,2010-10-26 04:52:00
156, CHN, TBD, 10.61.37.22, 1, 6, 12,TBD, PhysicalPortGroup 2244, UP, 3.50.4410, OWNERSHIP_STATE_AVAILABLE, , , ,None,2010-10-26 04:52:00
157, CHN, TBD, 10.61.37.22, 2, 1, 1,TBD, PhysicalPortGroup 2245, UP, 3.60.2600, OWNERSHIP_STATE_AVAILABLE, , , ,None,2010-10-26 04:52:00
158, CHN, TBD, 10.61.37.22, 2, 1, 2,TBD, PhysicalPortGroup 2245, UP, 3.60.2600, OWNERSHIP_STATE_AVAILABLE, , , ,None,2010-10-26 04:52:00
159, CHN, TBD, 10.61.37.22, 2, 2, 3,TBD, PhysicalPortGroup 2246, UP, 3.60.2600, OWNERSHIP_STATE_AVAILABLE, , , ,None,2010-10-26 04:52:00
160, CHN, TBD, 10.61.37.22, 2, 2, 4,TBD, PhysicalPortGroup 2246, UP, 3.60.2600, OWNERSHIP_STATE_AVAILABLE, , , ,None,2010-10-26 04:52:00
161, CHN, TBD, 10.61.37.22, 2, 3, 5,TBD, PhysicalPortGroup 2247, UP, 3.60.2600, OWNERSHIP_STATE_AVAILABLE, , , ,None,2010-10-26 04:52:00
162, CHN, TBD, 10.61.37.22, 2, 3, 6,TBD, PhysicalPortGroup 2247, UP, 3.60.2600, OWNERSHIP_STATE_AVAILABLE, , , ,None,2010-10-26 04:52:00
163, CHN, TBD, 10.61.37.22, 2, 4, 7,TBD, PhysicalPortGroup 2248, UP, 3.60.2600, OWNERSHIP_STATE_AVAILABLE, , , ,None,2010-10-26 04:52:00
164, CHN, TBD, 10.61.37.22, 2, 4, 8,TBD, PhysicalPortGroup 2248, UP, 3.60.2600, OWNERSHIP_STATE_AVAILABLE, , , ,None,2010-10-26 04:52:00
165, CHN, TBD, 10.61.37.22, 2, 5, 9,TBD, PhysicalPortGroup 2249, UP, 3.60.2600, OWNERSHIP_STATE_AVAILABLE, , , ,None,2010-10-26 04:52:00
166, CHN, TBD, 10.61.37.22, 2, 5, 10,TBD, PhysicalPortGroup 2249, UP, 3.60.2600, OWNERSHIP_STATE_AVAILABLE, , , ,None,2010-10-26 04:52:00
167, CHN, TBD, 10.61.37.22, 2, 6, 11,TBD, PhysicalPortGroup 2250, UP, 3.60.2600, OWNERSHIP_STATE_AVAILABLE, , , ,None,2010-10-26 04:52:00
168, CHN, TBD, 10.61.37.22, 2, 6, 12,TBD, PhysicalPortGroup 2250, UP, 3.60.2600, OWNERSHIP_STATE_AVAILABLE, , , ,None,2010-10-26 04:52:00
169, CHN, TBD, 10.61.37.23, 1, 1, 1,TBD, PhysicalPortGroup 2251, UP, 3.60.2600, OWNERSHIP_STATE_AVAILABLE, , , ,None,2010-10-26 04:52:00
170, CHN, TBD, 10.61.37.23, 1, 1, 2,TBD, PhysicalPortGroup 2251, UP, 3.60.2600, OWNERSHIP_STATE_AVAILABLE, , , ,None,2010-10-26 04:52:00
171, CHN, TBD, 10.61.37.23, 1, 2, 3,TBD, PhysicalPortGroup 2252, UP, 3.60.2600, OWNERSHIP_STATE_AVAILABLE, , , ,None,2010-10-26 04:52:00
172, CHN, TBD, 10.61.37.23, 1, 2, 4,TBD, PhysicalPortGroup 2252, UP, 3.60.2600, OWNERSHIP_STATE_AVAILABLE, , , ,None,2010-10-26 04:52:00
173, CHN, TBD, 10.61.37.23, 2, 1, 1,TBD, PhysicalPortGroup 2253, UP, 3.60.2600, OWNERSHIP_STATE_AVAILABLE, , , ,None,2010-10-26 04:52:00
174, CHN, TBD, 10.61.37.23, 2, 1, 2,TBD, PhysicalPortGroup 2253, UP, 3.60.2600, OWNERSHIP_STATE_AVAILABLE, , , ,None,2010-10-26 04:52:00
175, CHN, TBD, 10.61.37.23, 2, 2, 3,TBD, PhysicalPortGroup 2254, UP, 3.60.2600, OWNERSHIP_STATE_AVAILABLE, , , ,None,2010-10-26 04:52:00
176, CHN, TBD, 10.61.37.23, 2, 2, 4,TBD, PhysicalPortGroup 2254, UP, 3.60.2600, OWNERSHIP_STATE_AVAILABLE, , , ,None,2010-10-26 04:52:00
177, CHN, TBD, 10.61.37.3, 1, 1, 1,TBD, PhysicalPortGroup 2264, UP, 3.60.2600, OWNERSHIP_STATE_AVAILABLE, , , ,None,2010-10-26 04:52:00
178, CHN, TBD, 10.61.37.3, 1, 1, 2,TBD, PhysicalPortGroup 2264, UP, 3.60.2600, OWNERSHIP_STATE_AVAILABLE, , , ,None,2010-10-26 04:52:00
179, CHN, TBD, 10.61.37.3, 1, 2, 3,TBD, PhysicalPortGroup 2265, UP, 3.60.2600, OWNERSHIP_STATE_AVAILABLE, , , ,None,2010-10-26 04:52:00
180, CHN, TBD, 10.61.37.3, 1, 2, 4,TBD, PhysicalPortGroup 2265, UP, 3.60.2600, OWNERSHIP_STATE_AVAILABLE, , , ,None,2010-10-26 04:52:00
181, CHN, TBD, 10.61.37.3, 1, 3, 5,TBD, PhysicalPortGroup 2266, UP, 3.60.2600, OWNERSHIP_STATE_AVAILABLE, , , ,None,2010-10-26 04:52:00
182, CHN, TBD, 10.61.37.3, 1, 3, 6,TBD, PhysicalPortGroup 2266, UP, 3.60.2600, OWNERSHIP_STATE_AVAILABLE, , , ,None,2010-10-26 04:52:00
183, CHN, TBD, 10.61.37.3, 1, 4, 7,TBD, PhysicalPortGroup 2267, UP, 3.60.2600, OWNERSHIP_STATE_AVAILABLE, , , ,None,2010-10-26 04:52:00
184, CHN, TBD, 10.61.37.3, 1, 4, 8,TBD, PhysicalPortGroup 2267, UP, 3.60.2600, OWNERSHIP_STATE_AVAILABLE, , , ,None,2010-10-26 04:52:00
185, CHN, TBD, 10.61.37.3, 2, 1, 1,TBD, PhysicalPortGroup 2255, UP, 3.50.5606, OWNERSHIP_STATE_AVAILABLE, , , ,None,2010-10-26 04:52:00
186, CHN, TBD, 10.61.37.3, 2, 1, 2,TBD, PhysicalPortGroup 2255, UP, 3.50.5606, OWNERSHIP_STATE_AVAILABLE, , , ,None,2010-10-26 04:52:00
187, CHN, TBD, 10.61.37.3, 2, 2, 3,TBD, PhysicalPortGroup 2256, UP, 3.50.5606, OWNERSHIP_STATE_RESERVED, Yuchen1-XP, YuChen, Mon Oct 25 17:27:08 2010,None,2010-10-26 04:52:00
188, CHN, TBD, 10.61.37.3, 2, 2, 4,TBD, PhysicalPortGroup 2256, UP, 3.50.5606, OWNERSHIP_STATE_RESERVED, Yuchen1-XP, YuChen, Mon Oct 25 17:27:08 2010,None,2010-10-26 04:52:00
189, CHN, TBD, 10.61.37.3, 2, 3, 5,TBD, PhysicalPortGroup 2257, UP, 3.50.5606, OWNERSHIP_STATE_AVAILABLE, , , ,None,2010-10-26 04:52:00
190, CHN, TBD, 10.61.37.3, 2, 3, 6,TBD, PhysicalPortGroup 2257, UP, 3.50.5606, OWNERSHIP_STATE_AVAILABLE, , , ,None,2010-10-26 04:52:00
191, CHN, TBD, 10.61.37.3, 2, 4, 7,TBD, PhysicalPortGroup 2258, UP, 3.50.5606, OWNERSHIP_STATE_AVAILABLE, , , ,None,2010-10-26 04:52:00
192, CHN, TBD, 10.61.37.3, 2, 4, 8,TBD, PhysicalPortGroup 2258, UP, 3.50.5606, OWNERSHIP_STATE_AVAILABLE, , , ,None,2010-10-26 04:52:00
193, CHN, TBD, 10.61.37.3, 3, 1, 1,TBD, PhysicalPortGroup 2259, DOWN, 0, OWNERSHIP_STATE_AVAILABLE, , , ,None,2010-10-26 04:52:00
194, CHN, TBD, 10.61.37.3, 4, 1, 1,TBD, PhysicalPortGroup 665256, UNKNOWN, 3.50.3190, OWNERSHIP_STATE_AVAILABLE, , , ,None,2010-08-25 15:23:00
195, CHN, TBD, 10.61.37.3, 4, 1, 2,TBD, PhysicalPortGroup 665256, UNKNOWN, 3.50.3190, OWNERSHIP_STATE_AVAILABLE, , , ,None,2010-08-25 15:23:00
196, CHN, TBD, 10.61.37.3, 4, 2, 3,TBD, PhysicalPortGroup 665257, UNKNOWN, 3.50.3190, OWNERSHIP_STATE_AVAILABLE, , , ,None,2010-08-25 15:23:00
197, CHN, TBD, 10.61.37.3, 4, 2, 4,TBD, PhysicalPortGroup 665257, UNKNOWN, 3.50.3190, OWNERSHIP_STATE_AVAILABLE, , , ,None,2010-08-25 15:23:00
198, CHN, TBD, 10.61.37.3, 4, 3, 5,TBD, PhysicalPortGroup 665258, UNKNOWN, 3.50.3190, OWNERSHIP_STATE_AVAILABLE, , , ,None,2010-08-25 15:23:00
199, CHN, TBD, 10.61.37.3, 4, 3, 6,TBD, PhysicalPortGroup 665258, UNKNOWN, 3.50.3190, OWNERSHIP_STATE_AVAILABLE, , , ,None,2010-08-25 15:23:00
200, CHN, TBD, 10.61.37.3, 4, 4, 7,TBD, PhysicalPortGroup 665259, UNKNOWN, 3.50.3190, OWNERSHIP_STATE_AVAILABLE, , , ,None,2010-08-25 15:23:00
201, CHN, TBD, 10.61.37.3, 4, 4, 8,TBD, PhysicalPortGroup 665259, UNKNOWN, 3.50.3190, OWNERSHIP_STATE_AVAILABLE, , , ,None,2010-08-25 15:23:00
202, CHN, TBD, 10.61.37.3, 5, 1, 1,TBD, PhysicalPortGroup 2272, UP, 3.60.2820, OWNERSHIP_STATE_AVAILABLE, , , ,None,2010-10-26 04:52:00
203, CHN, TBD, 10.61.37.3, 5, 1, 2,TBD, PhysicalPortGroup 2272, UP, 3.60.2820, OWNERSHIP_STATE_AVAILABLE, , , ,None,2010-10-26 04:52:00
204, CHN, TBD, 10.61.37.3, 5, 2, 3,TBD, PhysicalPortGroup 2273, UP, 3.60.2820, OWNERSHIP_STATE_AVAILABLE, , , ,None,2010-10-26 04:52:00
205, CHN, TBD, 10.61.37.3, 5, 2, 4,TBD, PhysicalPortGroup 2273, UP, 3.60.2820, OWNERSHIP_STATE_AVAILABLE, , , ,None,2010-10-26 04:52:00
206, CHN, TBD, 10.61.37.3, 5, 3, 5,TBD, PhysicalPortGroup 2274, UP, 3.60.2820, OWNERSHIP_STATE_RESERVED, BEJ-TLiuDesk, TLiu, Mon Oct 25 19:03:05 2010,None,2010-10-26 04:52:00
207, CHN, TBD, 10.61.37.3, 5, 3, 6,TBD, PhysicalPortGroup 2274, UP, 3.60.2820, OWNERSHIP_STATE_RESERVED, BEJ-TLiuDesk, TLiu, Mon Oct 25 19:03:05 2010,None,2010-10-26 04:52:00
208, CHN, TBD, 10.61.37.3, 5, 4, 7,TBD, PhysicalPortGroup 2275, UP, 3.60.2820, OWNERSHIP_STATE_AVAILABLE, , , ,None,2010-10-26 04:52:00
209, CHN, TBD, 10.61.37.3, 5, 4, 8,TBD, PhysicalPortGroup 2275, UP, 3.60.2820, OWNERSHIP_STATE_AVAILABLE, , , ,None,2010-10-26 04:52:00
210, CHN, TBD, 10.61.37.3, 6, 1, 1,TBD, PhysicalPortGroup 665268, UNKNOWN, 3.51.0426, OWNERSHIP_STATE_AVAILABLE, , , ,None,2010-08-25 15:23:00
211, CHN, TBD, 10.61.37.3, 6, 1, 2,TBD, PhysicalPortGroup 665268, UNKNOWN, 3.51.0426, OWNERSHIP_STATE_AVAILABLE, , , ,None,2010-08-25 15:23:00
212, CHN, TBD, 10.61.37.3, 6, 2, 3,TBD, PhysicalPortGroup 665269, UNKNOWN, 3.51.0426, OWNERSHIP_STATE_AVAILABLE, , , ,None,2010-08-25 15:23:00
213, CHN, TBD, 10.61.37.3, 6, 2, 4,TBD, PhysicalPortGroup 665269, UNKNOWN, 3.51.0426, OWNERSHIP_STATE_AVAILABLE, , , ,None,2010-08-25 15:23:00
214, CHN, TBD, 10.61.37.3, 6, 3, 5,TBD, PhysicalPortGroup 665270, UNKNOWN, 3.51.0426, OWNERSHIP_STATE_AVAILABLE, , , ,None,2010-08-25 15:23:00
215, CHN, TBD, 10.61.37.3, 6, 3, 6,TBD, PhysicalPortGroup 665270, UNKNOWN, 3.51.0426, OWNERSHIP_STATE_AVAILABLE, , , ,None,2010-08-25 15:23:00
216, CHN, TBD, 10.61.37.3, 6, 4, 7,TBD, PhysicalPortGroup 665271, UNKNOWN, 3.51.0426, OWNERSHIP_STATE_AVAILABLE, , , ,None,2010-08-25 15:23:00
217, CHN, TBD, 10.61.37.3, 6, 4, 8,TBD, PhysicalPortGroup 665271, UNKNOWN, 3.51.0426, OWNERSHIP_STATE_AVAILABLE, , , ,None,2010-08-25 15:23:00
218, CHN, TBD, 10.61.37.3, 9, 1, 1,TBD, PhysicalPortGroup 2268, UP, 3.60.2600, OWNERSHIP_STATE_AVAILABLE, , , ,None,2010-10-26 04:52:00
219, CHN, TBD, 10.61.37.3, 9, 1, 2,TBD, PhysicalPortGroup 2268, UP, 3.60.2600, OWNERSHIP_STATE_AVAILABLE, , , ,None,2010-10-26 04:52:00
220, CHN, TBD, 10.61.37.3, 9, 2, 3,TBD, PhysicalPortGroup 2269, UP, 3.60.2600, OWNERSHIP_STATE_AVAILABLE, , , ,None,2010-10-26 04:52:00
221, CHN, TBD, 10.61.37.3, 9, 2, 4,TBD, PhysicalPortGroup 2269, UP, 3.60.2600, OWNERSHIP_STATE_AVAILABLE, , , ,None,2010-10-26 04:52:00
222, CHN, TBD, 10.61.37.3, 9, 3, 5,TBD, PhysicalPortGroup 2270, UP, 3.60.2600, OWNERSHIP_STATE_AVAILABLE, , , ,None,2010-10-26 04:52:00
223, CHN, TBD, 10.61.37.3, 9, 3, 6,TBD, PhysicalPortGroup 2270, UP, 3.60.2600, OWNERSHIP_STATE_AVAILABLE, , , ,None,2010-10-26 04:52:00
224, CHN, TBD, 10.61.37.3, 9, 4, 7,TBD, PhysicalPortGroup 2271, UP, 3.60.2600, OWNERSHIP_STATE_AVAILABLE, , , ,None,2010-10-26 04:52:00
225, CHN, TBD, 10.61.37.3, 9, 4, 8,TBD, PhysicalPortGroup 2271, UP, 3.60.2600, OWNERSHIP_STATE_AVAILABLE, , , ,None,2010-10-26 04:52:00
226, CHN, TBD, 10.61.37.3, 10, 1, 1,TBD, PhysicalPortGroup 2260, UP, 3.50.4796, OWNERSHIP_STATE_AVAILABLE, , , ,None,2010-10-26 04:52:00
227, CHN, TBD, 10.61.37.3, 10, 1, 2,TBD, PhysicalPortGroup 2260, UP, 3.50.4796, OWNERSHIP_STATE_AVAILABLE, , , ,None,2010-10-26 04:52:00
228, CHN, TBD, 10.61.37.3, 10, 2, 3,TBD, PhysicalPortGroup 2261, UP, 3.50.4796, OWNERSHIP_STATE_AVAILABLE, , , ,None,2010-10-26 04:52:00
229, CHN, TBD, 10.61.37.3, 10, 2, 4,TBD, PhysicalPortGroup 2261, UP, 3.50.4796, OWNERSHIP_STATE_AVAILABLE, , , ,None,2010-10-26 04:52:00
230, CHN, TBD, 10.61.37.3, 10, 3, 5,TBD, PhysicalPortGroup 2262, UP, 3.50.4796, OWNERSHIP_STATE_AVAILABLE, , , ,None,2010-10-26 04:52:00
231, CHN, TBD, 10.61.37.3, 10, 3, 6,TBD, PhysicalPortGroup 2262, UP, 3.50.4796, OWNERSHIP_STATE_AVAILABLE, , , ,None,2010-10-26 04:52:00
232, CHN, TBD, 10.61.37.3, 10, 4, 7,TBD, PhysicalPortGroup 2263, UP, 3.50.4796, OWNERSHIP_STATE_AVAILABLE, , , ,None,2010-10-26 04:52:00
233, CHN, TBD, 10.61.37.3, 10, 4, 8,TBD, PhysicalPortGroup 2263, UP, 3.50.4796, OWNERSHIP_STATE_AVAILABLE, , , ,None,2010-10-26 04:52:00
234, CHN, TBD, 10.61.37.4, 2, 1, 1,TBD, PhysicalPortGroup 13, UP, 3.55.3576, OWNERSHIP_STATE_AVAILABLE, , , ,None,2010-10-26 10:39:00
235, CHN, TBD, 10.61.37.4, 2, 2, 2,TBD, PhysicalPortGroup 14, UP, 3.55.3576, OWNERSHIP_STATE_AVAILABLE, , , ,None,2010-10-26 10:39:00
236, CHN, TBD, 10.61.37.4, 8, 1, 1,TBD, PhysicalPortGroup 15, UP, 3.55.3576, OWNERSHIP_STATE_AVAILABLE, , , ,None,2010-10-26 10:39:00
237, CHN, TBD, 10.61.37.4, 8, 1, 2,TBD, PhysicalPortGroup 15, UP, 3.55.3576, OWNERSHIP_STATE_AVAILABLE, , , ,None,2010-10-26 10:39:00
238, CHN, TBD, 10.61.37.4, 8, 2, 3,TBD, PhysicalPortGroup 16, UP, 3.55.3576, OWNERSHIP_STATE_AVAILABLE, , , ,None,2010-10-26 10:39:00
239, CHN, TBD, 10.61.37.4, 8, 2, 4,TBD, PhysicalPortGroup 16, UP, 3.55.3576, OWNERSHIP_STATE_AVAILABLE, , , ,None,2010-10-26 10:39:00
240, CHN, TBD, 10.61.37.4, 8, 3, 5,TBD, PhysicalPortGroup 17, UP, 3.55.3576, OWNERSHIP_STATE_AVAILABLE, , , ,None,2010-10-26 10:39:00
241, CHN, TBD, 10.61.37.4, 8, 3, 6,TBD, PhysicalPortGroup 17, UP, 3.55.3576, OWNERSHIP_STATE_AVAILABLE, , , ,None,2010-10-26 10:39:00
242, CHN, TBD, 10.61.37.4, 8, 4, 7,TBD, PhysicalPortGroup 18, UP, 3.55.3576, OWNERSHIP_STATE_AVAILABLE, , , ,None,2010-10-26 10:39:00
243, CHN, TBD, 10.61.37.4, 8, 4, 8,TBD, PhysicalPortGroup 18, UP, 3.55.3576, OWNERSHIP_STATE_AVAILABLE, , , ,None,2010-10-26 10:39:00
244, CHN, TBD, 10.61.37.4, 8, 5, 9,TBD, PhysicalPortGroup 19, UP, 3.55.3576, OWNERSHIP_STATE_AVAILABLE, , , ,None,2010-10-26 10:39:00
245, CHN, TBD, 10.61.37.4, 8, 5, 10,TBD, PhysicalPortGroup 19, UP, 3.55.3576, OWNERSHIP_STATE_AVAILABLE, , , ,None,2010-10-26 10:39:00
246, CHN, TBD, 10.61.37.4, 8, 6, 11,TBD, PhysicalPortGroup 20, UP, 3.55.3576, OWNERSHIP_STATE_AVAILABLE, , , ,None,2010-10-26 10:39:00
247, CHN, TBD, 10.61.37.4, 8, 6, 12,TBD, PhysicalPortGroup 20, UP, 3.55.3576, OWNERSHIP_STATE_AVAILABLE, , , ,None,2010-10-26 10:39:00
248, CHN, TBD, 10.61.37.4, 10, 1, 1,TBD, PhysicalPortGroup 11, UP, 3.55.3576, OWNERSHIP_STATE_AVAILABLE, , , ,None,2010-10-26 10:39:00
249, CHN, TBD, 10.61.37.4, 10, 2, 2,TBD, PhysicalPortGroup 12, UP, 3.55.3576, OWNERSHIP_STATE_AVAILABLE, , , ,None,2010-10-26 10:39:00
250, CHN, TBD, 10.61.37.4, 11, 1, 1,TBD, PhysicalPortGroup 9, UP, 3.55.3576, OWNERSHIP_STATE_AVAILABLE, , , ,None,2010-10-26 10:39:00
251, CHN, TBD, 10.61.37.4, 11, 2, 2,TBD, PhysicalPortGroup 10, UP, 3.55.3576, OWNERSHIP_STATE_AVAILABLE, , , ,None,2010-10-26 10:39:00
252, CHN, TBD, 10.61.37.4, 12, 1, 1,TBD, PhysicalPortGroup 1, UP, 3.55.3576, OWNERSHIP_STATE_AVAILABLE, , , ,None,2010-10-26 10:39:00
253, CHN, TBD, 10.61.37.4, 12, 2, 2,TBD, PhysicalPortGroup 2, UP, 3.55.3576, OWNERSHIP_STATE_AVAILABLE, , , ,None,2010-10-26 10:39:00
254, CHN, TBD, 10.61.37.4, 12, 3, 3,TBD, PhysicalPortGroup 3, UP, 3.55.3576, OWNERSHIP_STATE_AVAILABLE, , , ,None,2010-10-26 10:39:00
255, CHN, TBD, 10.61.37.4, 12, 4, 4,TBD, PhysicalPortGroup 4, UP, 3.55.3576, OWNERSHIP_STATE_AVAILABLE, , , ,None,2010-10-26 10:39:00
256, CHN, TBD, 10.61.37.4, 12, 5, 5,TBD, PhysicalPortGroup 5, UP, 3.55.3576, OWNERSHIP_STATE_AVAILABLE, , , ,None,2010-10-26 10:39:00
257, CHN, TBD, 10.61.37.4, 12, 6, 6,TBD, PhysicalPortGroup 6, UP, 3.55.3576, OWNERSHIP_STATE_AVAILABLE, , , ,None,2010-10-26 10:39:00
258, CHN, TBD, 10.61.37.4, 12, 7, 7,TBD, PhysicalPortGroup 7, UP, 3.55.3576, OWNERSHIP_STATE_AVAILABLE, , , ,None,2010-10-26 10:39:00
259, CHN, TBD, 10.61.37.4, 12, 8, 8,TBD, PhysicalPortGroup 8, UP, 3.55.3576, OWNERSHIP_STATE_AVAILABLE, , , ,None,2010-10-26 10:39:00
260, CHN, TBD, 10.61.37.5, 1, 1, 1,TBD, PhysicalPortGroup 2311, UP, 3.55.3486, OWNERSHIP_STATE_AVAILABLE, , , ,None,2010-10-26 04:52:00
261, CHN, TBD, 10.61.37.5, 1, 2, 2,TBD, PhysicalPortGroup 2312, UP, 3.55.3486, OWNERSHIP_STATE_AVAILABLE, , , ,None,2010-10-26 04:52:00
262, CHN, TBD, 10.61.37.5, 3, 1, 1,TBD, PhysicalPortGroup 2307, UP, 3.50.5606, OWNERSHIP_STATE_AVAILABLE, , , ,None,2010-10-26 04:52:00
263, CHN, TBD, 10.61.37.5, 3, 2, 2,TBD, PhysicalPortGroup 2308, UP, 3.50.5606, OWNERSHIP_STATE_AVAILABLE, , , ,None,2010-10-26 04:52:00
264, CHN, TBD, 10.61.37.5, 4, 1, 1,TBD, PhysicalPortGroup 2318, UP, 3.55.3486, OWNERSHIP_STATE_AVAILABLE, , , ,None,2010-10-26 04:52:00
265, CHN, TBD, 10.61.37.5, 4, 1, 2,TBD, PhysicalPortGroup 2318, UP, 3.55.3486, OWNERSHIP_STATE_AVAILABLE, , , ,None,2010-10-26 04:52:00
266, CHN, TBD, 10.61.37.5, 4, 2, 3,TBD, PhysicalPortGroup 2319, UP, 3.55.3486, OWNERSHIP_STATE_AVAILABLE, , , ,None,2010-10-26 04:52:00
267, CHN, TBD, 10.61.37.5, 4, 2, 4,TBD, PhysicalPortGroup 2319, UP, 3.55.3486, OWNERSHIP_STATE_AVAILABLE, , , ,None,2010-10-26 04:52:00
268, CHN, TBD, 10.61.37.5, 4, 3, 5,TBD, PhysicalPortGroup 2320, UP, 3.55.3486, OWNERSHIP_STATE_AVAILABLE, , , ,None,2010-10-26 04:52:00
269, CHN, TBD, 10.61.37.5, 4, 3, 6,TBD, PhysicalPortGroup 2320, UP, 3.55.3486, OWNERSHIP_STATE_AVAILABLE, , , ,None,2010-10-26 04:52:00
270, CHN, TBD, 10.61.37.5, 4, 4, 7,TBD, PhysicalPortGroup 2321, UP, 3.55.3486, OWNERSHIP_STATE_AVAILABLE, , , ,None,2010-10-26 04:52:00
271, CHN, TBD, 10.61.37.5, 4, 4, 8,TBD, PhysicalPortGroup 2321, UP, 3.55.3486, OWNERSHIP_STATE_AVAILABLE, , , ,None,2010-10-26 04:52:00
272, CHN, TBD, 10.61.37.5, 4, 5, 9,TBD, PhysicalPortGroup 2322, UP, 3.55.3486, OWNERSHIP_STATE_AVAILABLE, , , ,None,2010-10-26 04:52:00
273, CHN, TBD, 10.61.37.5, 4, 5, 10,TBD, PhysicalPortGroup 2322, UP, 3.55.3486, OWNERSHIP_STATE_AVAILABLE, , , ,None,2010-10-26 04:52:00
274, CHN, TBD, 10.61.37.5, 4, 6, 11,TBD, PhysicalPortGroup 2323, UP, 3.55.3486, OWNERSHIP_STATE_AVAILABLE, , , ,None,2010-10-26 04:52:00
275, CHN, TBD, 10.61.37.5, 4, 6, 12,TBD, PhysicalPortGroup 2323, UP, 3.55.3486, OWNERSHIP_STATE_AVAILABLE, , , ,None,2010-10-26 04:52:00
276, CHN, TBD, 10.61.37.5, 5, 1, 1,TBD, PhysicalPortGroup 2309, UP, 3.55.3486, OWNERSHIP_STATE_AVAILABLE, , , ,None,2010-10-26 04:52:00
277, CHN, TBD, 10.61.37.5, 5, 2, 2,TBD, PhysicalPortGroup 2310, DOWN, 3.55.3486, OWNERSHIP_STATE_AVAILABLE, , , ,None,2010-10-26 04:52:00
278, CHN, TBD, 10.61.37.5, 6, 1, 1,TBD, PhysicalPortGroup 56415, UNKNOWN, 3.60.0700, OWNERSHIP_STATE_AVAILABLE, , , ,None,2010-09-10 08:56:00
279, CHN, TBD, 10.61.37.5, 6, 1, 2,TBD, PhysicalPortGroup 56415, UNKNOWN, 3.60.0700, OWNERSHIP_STATE_AVAILABLE, , , ,None,2010-09-10 08:56:00
280, CHN, TBD, 10.61.37.5, 6, 2, 3,TBD, PhysicalPortGroup 56416, UNKNOWN, 3.60.0700, OWNERSHIP_STATE_AVAILABLE, , , ,None,2010-09-10 08:56:00
281, CHN, TBD, 10.61.37.5, 6, 2, 4,TBD, PhysicalPortGroup 56416, UNKNOWN, 3.60.0700, OWNERSHIP_STATE_AVAILABLE, , , ,None,2010-09-10 08:56:00
282, CHN, TBD, 10.61.37.5, 7, 1, 1,TBD, PhysicalPortGroup 2313, UP, 3.55.3486, OWNERSHIP_STATE_AVAILABLE, , , ,None,2010-10-26 04:52:00
283, CHN, TBD, 10.61.37.5, 7, 2, 2,TBD, PhysicalPortGroup 2314, UP, 3.55.3486, OWNERSHIP_STATE_AVAILABLE, , , ,None,2010-10-26 04:52:00
284, CHN, TBD, 10.61.37.5, 8, 1, 1,TBD, PhysicalPortGroup 2306, UP, 3.50.5606, OWNERSHIP_STATE_AVAILABLE, , , ,None,2010-10-26 04:52:00
285, CHN, TBD, 10.61.37.5, 8, 1, 2,TBD, PhysicalPortGroup 2306, UP, 3.50.5606, OWNERSHIP_STATE_AVAILABLE, , , ,None,2010-10-26 04:52:00
286, CHN, TBD, 10.61.37.5, 9, 1, 1,TBD, PhysicalPortGroup 2317, UP, 3.55.3486, OWNERSHIP_STATE_AVAILABLE, , , ,None,2010-10-26 04:52:00
287, CHN, TBD, 10.61.37.5, 9, 1, 2,TBD, PhysicalPortGroup 2317, UP, 3.55.3486, OWNERSHIP_STATE_AVAILABLE, , , ,None,2010-10-26 04:52:00
288, CHN, TBD, 10.61.37.5, 10, 1, 1,TBD, PhysicalPortGroup 2316, UP, 3.55.3486, OWNERSHIP_STATE_AVAILABLE, , , ,None,2010-10-26 04:52:00
289, CHN, TBD, 10.61.37.5, 10, 1, 2,TBD, PhysicalPortGroup 2316, UP, 3.55.3486, OWNERSHIP_STATE_AVAILABLE, , , ,None,2010-10-26 04:52:00
290, CHN, TBD, 10.61.37.5, 11, 1, 1,TBD, PhysicalPortGroup 2315, UP, 3.55.3486, OWNERSHIP_STATE_AVAILABLE, , , ,None,2010-10-26 04:52:00
291, CHN, TBD, 10.61.37.5, 11, 1, 2,TBD, PhysicalPortGroup 2315, UP, 3.55.3486, OWNERSHIP_STATE_AVAILABLE, , , ,None,2010-10-26 04:52:00
292, CHN, TBD, 10.61.37.5, 12, 1, 1,TBD, PhysicalPortGroup 2302, ERROR, 0, OWNERSHIP_STATE_AVAILABLE, , , ,None,2010-10-26 04:52:00
293, CHN, TBD, 10.61.37.5, 12, 1, 2,TBD, PhysicalPortGroup 2302, ERROR, 0, OWNERSHIP_STATE_AVAILABLE, , , ,None,2010-10-26 04:52:00
294, CHN, TBD, 10.61.37.5, 12, 2, 3,TBD, PhysicalPortGroup 2303, ERROR, 0, OWNERSHIP_STATE_AVAILABLE, , , ,None,2010-10-26 04:52:00
295, CHN, TBD, 10.61.37.5, 12, 2, 4,TBD, PhysicalPortGroup 2303, ERROR, 0, OWNERSHIP_STATE_AVAILABLE, , , ,None,2010-10-26 04:52:00
296, CHN, TBD, 10.61.37.5, 12, 3, 5,TBD, PhysicalPortGroup 2304, ERROR, 0, OWNERSHIP_STATE_AVAILABLE, , , ,None,2010-10-26 04:52:00
297, CHN, TBD, 10.61.37.5, 12, 3, 6,TBD, PhysicalPortGroup 2304, ERROR, 0, OWNERSHIP_STATE_AVAILABLE, , , ,None,2010-10-26 04:52:00
298, CHN, TBD, 10.61.37.5, 12, 4, 7,TBD, PhysicalPortGroup 2305, ERROR, 0, OWNERSHIP_STATE_AVAILABLE, , , ,None,2010-10-26 04:52:00
299, CHN, TBD, 10.61.37.5, 12, 4, 8,TBD, PhysicalPortGroup 2305, ERROR, 0, OWNERSHIP_STATE_AVAILABLE, , , ,None,2010-10-26 04:52:00
300, CHN, TBD, 10.61.38.192, 1, 1, 1,SPIRENT 10.61.38.192//2/1
(Peer-To-Peer), PhysicalPortGroup 2334, UP, 3.60.1276, OWNERSHIP_STATE_AVAILABLE, , , ,None,2010-10-26 04:52:00
301, CHN, TBD, 10.61.38.192, 1, 1, 2,SPIRENT 10.61.38.192//2/2
(Peer-To-Peer), PhysicalPortGroup 2334, UP, 3.60.1276, OWNERSHIP_STATE_AVAILABLE, , , ,None,2010-10-26 04:52:00
302, CHN, TBD, 10.61.38.192, 1, 2, 3,SPIRENT 10.61.38.192//2/3
(Peer-To-Peer), PhysicalPortGroup 2335, UP, 3.60.1276, OWNERSHIP_STATE_AVAILABLE, , , ,None,2010-10-26 04:52:00
303, CHN, TBD, 10.61.38.192, 1, 2, 4,SPIRENT 10.61.38.192//2/4
(Peer-To-Peer), PhysicalPortGroup 2335, UP, 3.60.1276, OWNERSHIP_STATE_AVAILABLE, , , ,None,2010-10-26 04:52:00
304, CHN, TBD, 10.61.38.192, 2, 1, 1,SPIRENT 10.61.38.192//1/1
(Peer-To-Peer), PhysicalPortGroup 2332, UP, 3.60.1276, OWNERSHIP_STATE_AVAILABLE, , , ,None,2010-10-26 04:52:00
305, CHN, TBD, 10.61.38.192, 2, 1, 2,SPIRENT 10.61.38.192//1/2
(Peer-To-Peer), PhysicalPortGroup 2332, UP, 3.60.1276, OWNERSHIP_STATE_AVAILABLE, , , ,None,2010-10-26 04:52:00
306, CHN, TBD, 10.61.38.192, 2, 2, 3,SPIRENT 10.61.38.192//1/3
(Peer-To-Peer), PhysicalPortGroup 2333, UP, 3.60.1276, OWNERSHIP_STATE_AVAILABLE, , , ,None,2010-10-26 04:52:00
307, CHN, TBD, 10.61.38.192, 2, 2, 4,SPIRENT 10.61.38.192//1/4
(Peer-To-Peer), PhysicalPortGroup 2333, UP, 3.60.1276, OWNERSHIP_STATE_AVAILABLE, , , ,None,2010-10-26 04:52:00
308, CHN, TBD, 10.61.38.192, 3, 1, 1,TBD, PhysicalPortGroup 2066, UNKNOWN, 0, OWNERSHIP_STATE_AVAILABLE, , , ,None,2010-10-14 10:14:00
309, CHN, TBD, 10.61.38.192, 3, 2, 2,TBD, PhysicalPortGroup 2067, UNKNOWN, 0, OWNERSHIP_STATE_AVAILABLE, , , ,None,2010-10-14 10:14:00
310, CHN, TBD, 10.61.38.192, 3, 3, 3,TBD, PhysicalPortGroup 2068, UNKNOWN, 0, OWNERSHIP_STATE_AVAILABLE, , , ,None,2010-10-14 10:14:00
311, CHN, TBD, 10.61.38.192, 3, 4, 4,TBD, PhysicalPortGroup 2069, UNKNOWN, 0, OWNERSHIP_STATE_AVAILABLE, , , ,None,2010-10-14 10:14:00
312, CHN, TBD, 10.61.38.192, 3, 5, 5,TBD, PhysicalPortGroup 2070, UNKNOWN, 0, OWNERSHIP_STATE_AVAILABLE, , , ,None,2010-10-14 10:14:00
313, CHN, TBD, 10.61.38.192, 3, 6, 6,TBD, PhysicalPortGroup 2071, UNKNOWN, 0, OWNERSHIP_STATE_AVAILABLE, , , ,None,2010-10-14 10:14:00
314, CHN, TBD, 10.61.38.192, 3, 7, 7,TBD, PhysicalPortGroup 2072, UNKNOWN, 0, OWNERSHIP_STATE_AVAILABLE, , , ,None,2010-10-14 10:14:00
315, CHN, TBD, 10.61.38.192, 3, 8, 8,TBD, PhysicalPortGroup 2073, UNKNOWN, 0, OWNERSHIP_STATE_AVAILABLE, , , ,None,2010-10-14 10:14:00
316, CHN, TBD, 10.61.38.192, 4, 1, 1,TBD, PhysicalPortGroup 2330, UP, 3.60.1276, OWNERSHIP_STATE_AVAILABLE, , , ,None,2010-10-26 04:52:00
317, CHN, TBD, 10.61.38.192, 4, 2, 2,TBD, PhysicalPortGroup 2331, UP, 3.60.1276, OWNERSHIP_STATE_AVAILABLE, , , ,None,2010-10-26 04:52:00
318, CHN, TBD, 10.61.38.192, 5, 1, 1,TBD, PhysicalPortGroup 2429, UNKNOWN, 0, OWNERSHIP_STATE_AVAILABLE, , , ,None,2010-10-25 14:52:00
319, CHN, TBD, 10.61.38.192, 5, 2, 2,TBD, PhysicalPortGroup 2430, UNKNOWN, 0, OWNERSHIP_STATE_AVAILABLE, , , ,None,2010-10-25 14:52:00
320, CHN, TBD, 10.61.38.192, 6, 1, 1,TBD, PhysicalPortGroup 2431, UNKNOWN, 0, OWNERSHIP_STATE_AVAILABLE, , , ,None,2010-10-25 14:52:00
321, CHN, TBD, 10.61.38.192, 6, 2, 2,TBD, PhysicalPortGroup 2432, UNKNOWN, 0, OWNERSHIP_STATE_AVAILABLE, , , ,None,2010-10-25 14:52:00
322, CHN, TBD, 10.61.38.192, 7, 1, 1,TBD, PhysicalPortGroup 2342, UP, 3.60.1276, OWNERSHIP_STATE_RESERVED, avpv02, SIlk_76.202, Mon Oct 25 14:06:48 2010,None,2010-10-26 04:52:00
323, CHN, TBD, 10.61.38.192, 7, 1, 2,TBD, PhysicalPortGroup 2342, UP, 3.60.1276, OWNERSHIP_STATE_RESERVED, avpv02, SIlk_76.202, Mon Oct 25 14:06:48 2010,None,2010-10-26 04:52:00
324, CHN, TBD, 10.61.38.192, 7, 2, 3,TBD, PhysicalPortGroup 2343, UP, 3.60.1276, OWNERSHIP_STATE_AVAILABLE, , , ,None,2010-10-26 04:52:00
325, CHN, TBD, 10.61.38.192, 7, 2, 4,TBD, PhysicalPortGroup 2343, UP, 3.60.1276, OWNERSHIP_STATE_AVAILABLE, , , ,None,2010-10-26 04:52:00
326, CHN, TBD, 10.61.38.192, 7, 3, 5,TBD, PhysicalPortGroup 2344, UP, 3.60.1276, OWNERSHIP_STATE_RESERVED, avpv02, SIlk_76.202, Mon Oct 25 14:06:48 2010,None,2010-10-26 04:52:00
327, CHN, TBD, 10.61.38.192, 7, 3, 6,TBD, PhysicalPortGroup 2344, UP, 3.60.1276, OWNERSHIP_STATE_RESERVED, avpv02, SIlk_76.202, Mon Oct 25 14:06:48 2010,None,2010-10-26 04:52:00
328, CHN, TBD, 10.61.38.192, 7, 4, 7,TBD, PhysicalPortGroup 2345, UP, 3.60.1276, OWNERSHIP_STATE_AVAILABLE, , , ,None,2010-10-26 04:52:00
329, CHN, TBD, 10.61.38.192, 7, 4, 8,TBD, PhysicalPortGroup 2345, UP, 3.60.1276, OWNERSHIP_STATE_AVAILABLE, , , ,None,2010-10-26 04:52:00
330, CHN, TBD, 10.61.38.192, 8, 1, 1,TBD, PhysicalPortGroup 2324, UP, 3.60.1276, OWNERSHIP_STATE_AVAILABLE, , , ,None,2010-10-26 04:52:00
331, CHN, TBD, 10.61.38.192, 8, 1, 2,TBD, PhysicalPortGroup 2324, UP, 3.60.1276, OWNERSHIP_STATE_AVAILABLE, , , ,None,2010-10-26 04:52:00
332, CHN, TBD, 10.61.38.192, 8, 2, 3,TBD, PhysicalPortGroup 2325, UP, 3.60.1276, OWNERSHIP_STATE_AVAILABLE, , , ,None,2010-10-26 04:52:00
333, CHN, TBD, 10.61.38.192, 8, 2, 4,TBD, PhysicalPortGroup 2325, UP, 3.60.1276, OWNERSHIP_STATE_AVAILABLE, , , ,None,2010-10-26 04:52:00
334, CHN, TBD, 10.61.38.192, 8, 3, 5,TBD, PhysicalPortGroup 2326, UP, 3.60.1276, OWNERSHIP_STATE_AVAILABLE, , , ,None,2010-10-26 04:52:00
335, CHN, TBD, 10.61.38.192, 8, 3, 6,TBD, PhysicalPortGroup 2326, UP, 3.60.1276, OWNERSHIP_STATE_AVAILABLE, , , ,None,2010-10-26 04:52:00
336, CHN, TBD, 10.61.38.192, 8, 4, 7,TBD, PhysicalPortGroup 2327, UP, 3.60.1276, OWNERSHIP_STATE_AVAILABLE, , , ,None,2010-10-26 04:52:00
337, CHN, TBD, 10.61.38.192, 8, 4, 8,TBD, PhysicalPortGroup 2327, UP, 3.60.1276, OWNERSHIP_STATE_AVAILABLE, , , ,None,2010-10-26 04:52:00
338, CHN, TBD, 10.61.38.192, 8, 5, 9,TBD, PhysicalPortGroup 2328, UP, 3.60.1276, OWNERSHIP_STATE_AVAILABLE, , , ,None,2010-10-26 04:52:00
339, CHN, TBD, 10.61.38.192, 8, 5, 10,TBD, PhysicalPortGroup 2328, UP, 3.60.1276, OWNERSHIP_STATE_AVAILABLE, , , ,None,2010-10-26 04:52:00
340, CHN, TBD, 10.61.38.192, 8, 6, 11,TBD, PhysicalPortGroup 2329, UP, 3.60.1276, OWNERSHIP_STATE_AVAILABLE, , , ,None,2010-10-26 04:52:00
341, CHN, TBD, 10.61.38.192, 8, 6, 12,TBD, PhysicalPortGroup 2329, UP, 3.60.1276, OWNERSHIP_STATE_AVAILABLE, , , ,None,2010-10-26 04:52:00
342, CHN, TBD, 10.61.38.192, 10, 1, 1,TBD, PhysicalPortGroup 2336, UP, 3.60.1276, OWNERSHIP_STATE_RESERVED, BEJ-JXuHp, JXu, Mon Oct 25 16:13:10 2010,None,2010-10-26 04:52:00
343, CHN, TBD, 10.61.38.192, 10, 1, 2,TBD, PhysicalPortGroup 2336, UP, 3.60.1276, OWNERSHIP_STATE_RESERVED, BEJ-JXuHp, JXu, Mon Oct 25 16:13:10 2010,None,2010-10-26 04:52:00
344, CHN, TBD, 10.61.38.192, 10, 2, 3,TBD, PhysicalPortGroup 2337, UP, 3.60.1276, OWNERSHIP_STATE_RESERVED, BEJ-JXuHp, JXu, Mon Oct 25 16:13:10 2010,None,2010-10-26 04:52:00
345, CHN, TBD, 10.61.38.192, 10, 2, 4,TBD, PhysicalPortGroup 2337, UP, 3.60.1276, OWNERSHIP_STATE_RESERVED, BEJ-JXuHp, JXu, Mon Oct 25 16:13:10 2010,None,2010-10-26 04:52:00
346, CHN, TBD, 10.61.38.192, 10, 3, 5,TBD, PhysicalPortGroup 2338, UP, 3.60.1276, OWNERSHIP_STATE_AVAILABLE, , , ,None,2010-10-26 04:52:00
347, CHN, TBD, 10.61.38.192, 10, 3, 6,TBD, PhysicalPortGroup 2338, UP, 3.60.1276, OWNERSHIP_STATE_AVAILABLE, , , ,None,2010-10-26 04:52:00
348, CHN, TBD, 10.61.38.192, 10, 4, 7,TBD, PhysicalPortGroup 2339, UP, 3.60.1276, OWNERSHIP_STATE_AVAILABLE, , , ,None,2010-10-26 04:52:00
349, CHN, TBD, 10.61.38.192, 10, 4, 8,TBD, PhysicalPortGroup 2339, UP, 3.60.1276, OWNERSHIP_STATE_AVAILABLE, , , ,None,2010-10-26 04:52:00
350, CHN, TBD, 10.61.38.192, 10, 5, 9,TBD, PhysicalPortGroup 2340, UP, 3.60.1276, OWNERSHIP_STATE_AVAILABLE, , , ,None,2010-10-26 04:52:00
351, CHN, TBD, 10.61.38.192, 10, 5, 10,TBD, PhysicalPortGroup 2340, UP, 3.60.1276, OWNERSHIP_STATE_AVAILABLE, , , ,None,2010-10-26 04:52:00
352, CHN, TBD, 10.61.38.192, 10, 6, 11,TBD, PhysicalPortGroup 2341, UP, 3.60.1276, OWNERSHIP_STATE_AVAILABLE, , , ,None,2010-10-26 04:52:00
353, CHN, TBD, 10.61.38.192, 10, 6, 12,TBD, PhysicalPortGroup 2341, UP, 3.60.1276, OWNERSHIP_STATE_AVAILABLE, , , ,None,2010-10-26 04:52:00
354, CHN, TBD, 10.61.38.192, 11, 1, 1,SPIRENT 10.61.38.192//11/3
(Peer-To-Peer), PhysicalPortGroup 446347, UNKNOWN, 3.50.9076, OWNERSHIP_STATE_AVAILABLE, , , ,None,2010-09-24 11:27:00
355, CHN, TBD, 10.61.38.192, 11, 1, 2,SPIRENT 10.61.38.192//11/4
(Peer-To-Peer), PhysicalPortGroup 446347, UNKNOWN, 3.50.9076, OWNERSHIP_STATE_AVAILABLE, , , ,None,2010-09-24 11:27:00
356, CHN, TBD, 10.61.38.192, 11, 2, 3,SPIRENT 10.61.38.192//11/1
(Peer-To-Peer), PhysicalPortGroup 446348, UNKNOWN, 3.50.9076, OWNERSHIP_STATE_AVAILABLE, , , ,None,2010-09-24 11:27:00
357, CHN, TBD, 10.61.38.192, 11, 2, 4,SPIRENT 10.61.38.192//11/2
(Peer-To-Peer), PhysicalPortGroup 446348, UNKNOWN, 3.50.9076, OWNERSHIP_STATE_AVAILABLE, , , ,None,2010-09-24 11:27:00
358, CHN, TBD, 10.61.38.192, 11, 3, 5,SPIRENT 10.61.38.192//11/7
(Peer-To-Peer), PhysicalPortGroup 446349, UNKNOWN, 3.50.9076, OWNERSHIP_STATE_AVAILABLE, , , ,None,2010-09-24 11:27:00
359, CHN, TBD, 10.61.38.192, 11, 3, 6,SPIRENT 10.61.38.192//11/8
(Peer-To-Peer), PhysicalPortGroup 446349, UNKNOWN, 3.50.9076, OWNERSHIP_STATE_AVAILABLE, , , ,None,2010-09-24 11:27:00
360, CHN, TBD, 10.61.38.192, 11, 4, 7,SPIRENT 10.61.38.192//11/5
(Peer-To-Peer), PhysicalPortGroup 446350, UNKNOWN, 3.50.9076, OWNERSHIP_STATE_AVAILABLE, , , ,None,2010-09-24 11:27:00
361, CHN, TBD, 10.61.38.192, 11, 4, 8,SPIRENT 10.61.38.192//11/6
(Peer-To-Peer), PhysicalPortGroup 446350, UNKNOWN, 3.50.9076, OWNERSHIP_STATE_AVAILABLE, , , ,None,2010-09-24 11:27:00
362, CHN, TBD, 10.61.38.192, 11, 5, 9,SPIRENT 10.61.38.192//11/11
(Peer-To-Peer), PhysicalPortGroup 446351, UNKNOWN, 3.50.9076, OWNERSHIP_STATE_AVAILABLE, , , ,None,2010-09-24 11:27:00
363, CHN, TBD, 10.61.38.192, 11, 5, 10,SPIRENT 10.61.38.192//11/12
(Peer-To-Peer), PhysicalPortGroup 446351, UNKNOWN, 3.50.9076, OWNERSHIP_STATE_AVAILABLE, , , ,None,2010-09-24 11:27:00
364, CHN, TBD, 10.61.38.192, 11, 6, 11,SPIRENT 10.61.38.192//11/9
(Peer-To-Peer), PhysicalPortGroup 446352, UNKNOWN, 3.50.9076, OWNERSHIP_STATE_AVAILABLE, , , ,None,2010-09-24 11:27:00
365, CHN, TBD, 10.61.38.192, 11, 6, 12,SPIRENT 10.61.38.192//11/10
(Peer-To-Peer), PhysicalPortGroup 446352, UNKNOWN, 3.50.9076, OWNERSHIP_STATE_AVAILABLE, , , ,None,2010-09-24 11:27:00
366, CHN, TBD, 10.61.38.192, 12, 1, 1,TBD, PhysicalPortGroup 1997, UNKNOWN, 3.50.5606, OWNERSHIP_STATE_AVAILABLE, , , ,None,2010-10-11 08:50:00
367, CHN, TBD, 10.61.38.192, 12, 1, 2,TBD, PhysicalPortGroup 1997, UNKNOWN, 3.50.5606, OWNERSHIP_STATE_AVAILABLE, , , ,None,2010-10-11 08:50:00
368, CHN, TBD, 10.61.38.192, 12, 2, 3,TBD, PhysicalPortGroup 1998, UNKNOWN, 3.50.5606, OWNERSHIP_STATE_AVAILABLE, , , ,None,2010-10-11 08:50:00
369, CHN, TBD, 10.61.38.192, 12, 2, 4,TBD, PhysicalPortGroup 1998, UNKNOWN, 3.50.5606, OWNERSHIP_STATE_AVAILABLE, , , ,None,2010-10-11 08:50:00
370, CHN, TBD, 10.61.38.192, 12, 3, 5,TBD, PhysicalPortGroup 1999, UNKNOWN, 3.50.5606, OWNERSHIP_STATE_AVAILABLE, , , ,None,2010-10-11 08:50:00
371, CHN, TBD, 10.61.38.192, 12, 3, 6,TBD, PhysicalPortGroup 1999, UNKNOWN, 3.50.5606, OWNERSHIP_STATE_AVAILABLE, , , ,None,2010-10-11 08:50:00
372, CHN, TBD, 10.61.38.192, 12, 4, 7,TBD, PhysicalPortGroup 2000, UNKNOWN, 3.50.5606, OWNERSHIP_STATE_AVAILABLE, , , ,None,2010-10-11 08:50:00
373, CHN, TBD, 10.61.38.192, 12, 4, 8,TBD, PhysicalPortGroup 2000, UNKNOWN, 3.50.5606, OWNERSHIP_STATE_AVAILABLE, , , ,None,2010-10-11 08:50:00
374, CHN, SW, 10.61.39.164, 3, 1, 1,TBD, PhysicalPortGroup 2347, UP, 3.60.1070, OWNERSHIP_STATE_AVAILABLE, , , ,None,2010-10-26 04:52:00
375, CHN, SW, 10.61.39.164, 3, 1, 2,TBD, PhysicalPortGroup 2347, UP, 3.60.1070, OWNERSHIP_STATE_AVAILABLE, , , ,None,2010-10-26 04:52:00
376, CHN, SW, 10.61.39.164, 3, 2, 3,TBD, PhysicalPortGroup 2348, UP, 3.60.1070, OWNERSHIP_STATE_AVAILABLE, , , ,None,2010-10-26 04:52:00
377, CHN, SW, 10.61.39.164, 3, 2, 4,TBD, PhysicalPortGroup 2348, UP, 3.60.1070, OWNERSHIP_STATE_AVAILABLE, , , ,None,2010-10-26 04:52:00
378, CHN, SW, 10.61.39.164, 3, 3, 5,TBD, PhysicalPortGroup 2349, UP, 3.60.1070, OWNERSHIP_STATE_AVAILABLE, , , ,None,2010-10-26 04:52:00
379, CHN, SW, 10.61.39.164, 3, 3, 6,TBD, PhysicalPortGroup 2349, UP, 3.60.1070, OWNERSHIP_STATE_AVAILABLE, , , ,None,2010-10-26 04:52:00
380, CHN, SW, 10.61.39.164, 3, 4, 7,TBD, PhysicalPortGroup 2350, UP, 3.60.1070, OWNERSHIP_STATE_AVAILABLE, , , ,None,2010-10-26 04:52:00
381, CHN, SW, 10.61.39.164, 3, 4, 8,TBD, PhysicalPortGroup 2350, UP, 3.60.1070, OWNERSHIP_STATE_AVAILABLE, , , ,None,2010-10-26 04:52:00
382, CHN, SW, 10.61.39.164, 4, 1, 1,TBD, PhysicalPortGroup 2346, UP, 3.60.1070, OWNERSHIP_STATE_AVAILABLE, , , ,None,2010-10-26 04:52:00
383, CHN, SW, 10.61.39.164, 4, 1, 2,TBD, PhysicalPortGroup 2346, UP, 3.60.1070, OWNERSHIP_STATE_AVAILABLE, , , ,None,2010-10-26 04:52:00
384, CHN, SW, 10.61.39.165, 2, 1, 1,TBD, PhysicalPortGroup 2351, DOWN, 0, OWNERSHIP_STATE_AVAILABLE, , , ,None,2010-10-26 04:52:00
385, CHN, TBD, 10.61.40.17, 1, 1, 1,TBD, PhysicalPortGroup 197784, UNKNOWN, 3.60.1023, OWNERSHIP_STATE_AVAILABLE, , , ,None,2010-09-16 13:13:00
386, CHN, TBD, 10.61.40.17, 1, 2, 2,TBD, PhysicalPortGroup 197785, UNKNOWN, 3.60.1023, OWNERSHIP_STATE_AVAILABLE, , , ,None,2010-09-16 13:13:00
387, CHN, TBD, 10.61.40.17, 2, 1, 1,TBD, PhysicalPortGroup 2352, DOWN, 3.60.1500, OWNERSHIP_STATE_AVAILABLE, , , ,None,2010-10-26 04:52:00
388, CHN, TBD, 10.61.40.17, 2, 2, 2,TBD, PhysicalPortGroup 2353, UP, 3.60.1500, OWNERSHIP_STATE_AVAILABLE, , , ,None,2010-10-26 04:52:00
389, CHN, TBD, 10.61.40.192, 1, 1, 1,TBD, PhysicalPortGroup 2382, UP, 3.60.1276, OWNERSHIP_STATE_AVAILABLE, , , ,None,2010-10-26 04:52:00
390, CHN, TBD, 10.61.40.192, 1, 1, 2,TBD, PhysicalPortGroup 2382, UP, 3.60.1276, OWNERSHIP_STATE_AVAILABLE, , , ,None,2010-10-26 04:52:00
391, CHN, TBD, 10.61.40.192, 1, 2, 3,TBD, PhysicalPortGroup 2383, UP, 3.60.1276, OWNERSHIP_STATE_AVAILABLE, , , ,None,2010-10-26 04:52:00
392, CHN, TBD, 10.61.40.192, 1, 2, 4,TBD, PhysicalPortGroup 2383, UP, 3.60.1276, OWNERSHIP_STATE_AVAILABLE, , , ,None,2010-10-26 04:52:00
393, CHN, TBD, 10.61.40.192, 1, 3, 5,TBD, PhysicalPortGroup 2384, UP, 3.60.1276, OWNERSHIP_STATE_AVAILABLE, , , ,None,2010-10-26 04:52:00
394, CHN, TBD, 10.61.40.192, 1, 3, 6,TBD, PhysicalPortGroup 2384, UP, 3.60.1276, OWNERSHIP_STATE_AVAILABLE, , , ,None,2010-10-26 04:52:00
395, CHN, TBD, 10.61.40.192, 1, 4, 7,TBD, PhysicalPortGroup 2385, UP, 3.60.1276, OWNERSHIP_STATE_AVAILABLE, , , ,None,2010-10-26 04:52:00
396, CHN, TBD, 10.61.40.192, 1, 4, 8,TBD, PhysicalPortGroup 2385, UP, 3.60.1276, OWNERSHIP_STATE_AVAILABLE, , , ,None,2010-10-26 04:52:00
397, CHN, TBD, 10.61.40.192, 2, 1, 1,SPIRENT 10.61.40.192//3/1
(Peer-To-Peer), PhysicalPortGroup 2366, UP, 3.60.1276, OWNERSHIP_STATE_AVAILABLE, , , ,None,2010-10-26 04:52:00
398, CHN, TBD, 10.61.40.192, 2, 1, 2,SPIRENT 10.61.40.192//3/2
(Peer-To-Peer), PhysicalPortGroup 2366, UP, 3.60.1276, OWNERSHIP_STATE_AVAILABLE, , , ,None,2010-10-26 04:52:00
399, CHN, TBD, 10.61.40.192, 2, 2, 3,SPIRENT 10.61.40.192//3/3
(Peer-To-Peer), PhysicalPortGroup 2367, UP, 3.60.1276, OWNERSHIP_STATE_AVAILABLE, , , ,None,2010-10-26 04:52:00
400, CHN, TBD, 10.61.40.192, 2, 2, 4,SPIRENT 10.61.40.192//3/4
(Peer-To-Peer), PhysicalPortGroup 2367, UP, 3.60.1276, OWNERSHIP_STATE_AVAILABLE, , , ,None,2010-10-26 04:52:00
401, CHN, TBD, 10.61.40.192, 2, 3, 5,SPIRENT 10.61.40.192//3/5
(Peer-To-Peer), PhysicalPortGroup 2368, UP, 3.60.1276, OWNERSHIP_STATE_AVAILABLE, , , ,None,2010-10-26 04:52:00
402, CHN, TBD, 10.61.40.192, 2, 3, 6,SPIRENT 10.61.40.192//3/6
(Peer-To-Peer), PhysicalPortGroup 2368, UP, 3.60.1276, OWNERSHIP_STATE_AVAILABLE, , , ,None,2010-10-26 04:52:00
403, CHN, TBD, 10.61.40.192, 2, 4, 7,SPIRENT 10.61.40.192//3/7
(Peer-To-Peer), PhysicalPortGroup 2369, UP, 3.60.1276, OWNERSHIP_STATE_AVAILABLE, , , ,None,2010-10-26 04:52:00
404, CHN, TBD, 10.61.40.192, 2, 4, 8,SPIRENT 10.61.40.192//3/8
(Peer-To-Peer), PhysicalPortGroup 2369, UP, 3.60.1276, OWNERSHIP_STATE_AVAILABLE, , , ,None,2010-10-26 04:52:00
405, CHN, TBD, 10.61.40.192, 3, 1, 1,SPIRENT 10.61.40.192//2/1
(Peer-To-Peer), PhysicalPortGroup 2370, UP, 3.60.1276, OWNERSHIP_STATE_AVAILABLE, , , ,None,2010-10-26 04:52:00
406, CHN, TBD, 10.61.40.192, 3, 1, 2,SPIRENT 10.61.40.192//2/2
(Peer-To-Peer), PhysicalPortGroup 2370, UP, 3.60.1276, OWNERSHIP_STATE_AVAILABLE, , , ,None,2010-10-26 04:52:00
407, CHN, TBD, 10.61.40.192, 3, 2, 3,SPIRENT 10.61.40.192//2/3
(Peer-To-Peer), PhysicalPortGroup 2371, UP, 3.60.1276, OWNERSHIP_STATE_AVAILABLE, , , ,None,2010-10-26 04:52:00
408, CHN, TBD, 10.61.40.192, 3, 2, 4,SPIRENT 10.61.40.192//2/4
(Peer-To-Peer), PhysicalPortGroup 2371, UP, 3.60.1276, OWNERSHIP_STATE_AVAILABLE, , , ,None,2010-10-26 04:52:00
409, CHN, TBD, 10.61.40.192, 3, 3, 5,SPIRENT 10.61.40.192//2/5
(Peer-To-Peer), PhysicalPortGroup 2372, UP, 3.60.1276, OWNERSHIP_STATE_AVAILABLE, , , ,None,2010-10-26 04:52:00
410, CHN, TBD, 10.61.40.192, 3, 3, 6,SPIRENT 10.61.40.192//2/6
(Peer-To-Peer), PhysicalPortGroup 2372, UP, 3.60.1276, OWNERSHIP_STATE_AVAILABLE, , , ,None,2010-10-26 04:52:00
411, CHN, TBD, 10.61.40.192, 3, 4, 7,SPIRENT 10.61.40.192//2/7
(Peer-To-Peer), PhysicalPortGroup 2373, UP, 3.60.1276, OWNERSHIP_STATE_AVAILABLE, , , ,None,2010-10-26 04:52:00
412, CHN, TBD, 10.61.40.192, 3, 4, 8,SPIRENT 10.61.40.192//2/8
(Peer-To-Peer), PhysicalPortGroup 2373, UP, 3.60.1276, OWNERSHIP_STATE_AVAILABLE, , , ,None,2010-10-26 04:52:00
413, CHN, TBD, 10.61.40.192, 4, 1, 1,TBD, PhysicalPortGroup 2386, UP, 3.60.1276, OWNERSHIP_STATE_AVAILABLE, , , ,None,2010-10-26 04:52:00
414, CHN, TBD, 10.61.40.192, 4, 2, 2,TBD, PhysicalPortGroup 2387, UP, 3.60.1276, OWNERSHIP_STATE_AVAILABLE, , , ,None,2010-10-26 04:52:00
415, CHN, TBD, 10.61.40.192, 4, 3, 3,TBD, PhysicalPortGroup 2388, UP, 3.60.1276, OWNERSHIP_STATE_AVAILABLE, , , ,None,2010-10-26 04:52:00
416, CHN, TBD, 10.61.40.192, 4, 4, 4,TBD, PhysicalPortGroup 2389, UP, 3.60.1276, OWNERSHIP_STATE_AVAILABLE, , , ,None,2010-10-26 04:52:00
417, CHN, TBD, 10.61.40.192, 4, 5, 5,TBD, PhysicalPortGroup 2390, UP, 3.60.1276, OWNERSHIP_STATE_AVAILABLE, , , ,None,2010-10-26 04:52:00
418, CHN, TBD, 10.61.40.192, 4, 6, 6,TBD, PhysicalPortGroup 2391, UP, 3.60.1276, OWNERSHIP_STATE_AVAILABLE, , , ,None,2010-10-26 04:52:00
419, CHN, TBD, 10.61.40.192, 4, 7, 7,TBD, PhysicalPortGroup 2392, UP, 3.60.1276, OWNERSHIP_STATE_AVAILABLE, , , ,None,2010-10-26 04:52:00
420, CHN, TBD, 10.61.40.192, 4, 8, 8,TBD, PhysicalPortGroup 2393, UP, 3.60.1276, OWNERSHIP_STATE_AVAILABLE, , , ,None,2010-10-26 04:52:00
421, CHN, TBD, 10.61.40.192, 5, 1, 1,TBD, PhysicalPortGroup 2374, UP, 3.60.1276, OWNERSHIP_STATE_AVAILABLE, , , ,None,2010-10-26 04:52:00
422, CHN, TBD, 10.61.40.192, 5, 2, 2,TBD, PhysicalPortGroup 2375, UP, 3.60.1276, OWNERSHIP_STATE_AVAILABLE, , , ,None,2010-10-26 04:52:00
423, CHN, TBD, 10.61.40.192, 5, 3, 3,TBD, PhysicalPortGroup 2376, UP, 3.60.1276, OWNERSHIP_STATE_AVAILABLE, , , ,None,2010-10-26 04:52:00
424, CHN, TBD, 10.61.40.192, 5, 4, 4,TBD, PhysicalPortGroup 2377, UP, 3.60.1276, OWNERSHIP_STATE_AVAILABLE, , , ,None,2010-10-26 04:52:00
425, CHN, TBD, 10.61.40.192, 5, 5, 5,TBD, PhysicalPortGroup 2378, UP, 3.60.1276, OWNERSHIP_STATE_AVAILABLE, , , ,None,2010-10-26 04:52:00
426, CHN, TBD, 10.61.40.192, 5, 6, 6,TBD, PhysicalPortGroup 2379, UP, 3.60.1276, OWNERSHIP_STATE_AVAILABLE, , , ,None,2010-10-26 04:52:00
427, CHN, TBD, 10.61.40.192, 5, 7, 7,TBD, PhysicalPortGroup 2380, UP, 3.60.1276, OWNERSHIP_STATE_AVAILABLE, , , ,None,2010-10-26 04:52:00
428, CHN, TBD, 10.61.40.192, 5, 8, 8,TBD, PhysicalPortGroup 2381, UP, 3.60.1276, OWNERSHIP_STATE_AVAILABLE, , , ,None,2010-10-26 04:52:00
429, CHN, TBD, 10.61.40.192, 6, 1, 1,TBD, PhysicalPortGroup 1984, UNKNOWN, 3.51.3176, OWNERSHIP_STATE_AVAILABLE, , , ,None,2010-10-12 14:14:00
430, CHN, TBD, 10.61.40.192, 6, 2, 2,TBD, PhysicalPortGroup 1985, UNKNOWN, 3.51.3176, OWNERSHIP_STATE_AVAILABLE, , , ,None,2010-10-12 14:14:00
431, CHN, TBD, 10.61.40.192, 7, 1, 1,TBD, PhysicalPortGroup 1982, UNKNOWN, 3.51.3176, OWNERSHIP_STATE_AVAILABLE, , , ,None,2010-10-12 14:14:00
432, CHN, TBD, 10.61.40.192, 7, 2, 2,TBD, PhysicalPortGroup 1983, UNKNOWN, 3.51.3176, OWNERSHIP_STATE_AVAILABLE, , , ,None,2010-10-12 14:14:00
433, CHN, TBD, 10.61.40.192, 8, 1, 1,SPIRENT 10.61.40.192//9/1
(Back to Back Connection(L4L7 firmware)), PhysicalPortGroup 2360, UP, 3.60.1276, OWNERSHIP_STATE_RESERVED, BEJ-BYanDell, BYan, Mon Oct 25 16:09:24 2010,None,2010-10-26 04:52:00
434, CHN, TBD, 10.61.40.192, 8, 1, 2,SPIRENT 10.61.40.192//9/2
(Back to Back Connection(L4L7 firmware)), PhysicalPortGroup 2360, UP, 3.60.1276, OWNERSHIP_STATE_RESERVED, BEJ-BYanDell, BYan, Mon Oct 25 16:09:24 2010,None,2010-10-26 04:52:00
435, CHN, TBD, 10.61.40.192, 8, 2, 3,SPIRENT 10.61.40.192//9/3
(Back to Back Connection(L4L7 firmware)), PhysicalPortGroup 2361, UP, 3.60.1276, OWNERSHIP_STATE_RESERVED, BEJ-BYanDell, BYan, Mon Oct 25 16:09:24 2010,None,2010-10-26 04:52:00
436, CHN, TBD, 10.61.40.192, 8, 2, 4,SPIRENT 10.61.40.192//9/4
(Back to Back Connection(L4L7 firmware)), PhysicalPortGroup 2361, UP, 3.60.1276, OWNERSHIP_STATE_RESERVED, BEJ-BYanDell, BYan, Mon Oct 25 16:09:24 2010,None,2010-10-26 04:52:00
437, CHN, TBD, 10.61.40.192, 8, 3, 5,SPIRENT 10.61.40.192//9/5
(Back to Back Connection(L4L7 firmware)), PhysicalPortGroup 2362, UP, 3.60.1276, OWNERSHIP_STATE_RESERVED, BEJ-BYanDell, BYan, Mon Oct 25 16:09:24 2010,None,2010-10-26 04:52:00
438, CHN, TBD, 10.61.40.192, 8, 3, 6,SPIRENT 10.61.40.192//9/6
(Back to Back Connection(L4L7 firmware)), PhysicalPortGroup 2362, UP, 3.60.1276, OWNERSHIP_STATE_RESERVED, BEJ-BYanDell, BYan, Mon Oct 25 16:09:24 2010,None,2010-10-26 04:52:00
439, CHN, TBD, 10.61.40.192, 8, 4, 7,SPIRENT 10.61.40.192//9/7
(Back to Back Connection(L4L7 firmware)), PhysicalPortGroup 2363, UP, 3.60.1276, OWNERSHIP_STATE_RESERVED, BEJ-BYanDell, BYan, Mon Oct 25 16:09:24 2010,None,2010-10-26 04:52:00
440, CHN, TBD, 10.61.40.192, 8, 4, 8,SPIRENT 10.61.40.192//9/8
(Back to Back Connection(L4L7 firmware)), PhysicalPortGroup 2363, UP, 3.60.1276, OWNERSHIP_STATE_RESERVED, BEJ-BYanDell, BYan, Mon Oct 25 16:09:24 2010,None,2010-10-26 04:52:00
441, CHN, TBD, 10.61.40.192, 8, 5, 9,SPIRENT 10.61.40.192//9/9
(Back to Back Connection(L4L7 firmware)), PhysicalPortGroup 2364, UP, 3.60.1276, OWNERSHIP_STATE_RESERVED, BEJ-BYanDell, BYan, Mon Oct 25 16:09:24 2010,None,2010-10-26 04:52:00
442, CHN, TBD, 10.61.40.192, 8, 5, 10,SPIRENT 10.61.40.192//9/10
(Back to Back Connection(L4L7 firmware)), PhysicalPortGroup 2364, UP, 3.60.1276, OWNERSHIP_STATE_RESERVED, BEJ-BYanDell, BYan, Mon Oct 25 16:09:24 2010,None,2010-10-26 04:52:00
443, CHN, TBD, 10.61.40.192, 8, 6, 11,SPIRENT 10.61.40.192//9/11
(Back to Back Connection(L4L7 firmware)), PhysicalPortGroup 2365, UP, 3.60.1276, OWNERSHIP_STATE_RESERVED, BEJ-BYanDell, BYan, Mon Oct 25 16:09:24 2010,None,2010-10-26 04:52:00
444, CHN, TBD, 10.61.40.192, 8, 6, 12,SPIRENT 10.61.40.192//9/12
(Back to Back Connection(L4L7 firmware)), PhysicalPortGroup 2365, UP, 3.60.1276, OWNERSHIP_STATE_RESERVED, BEJ-BYanDell, BYan, Mon Oct 25 16:09:24 2010,None,2010-10-26 04:52:00
445, CHN, TBD, 10.61.40.192, 9, 1, 1,SPIRENT 10.61.40.192//8/1
(Back to Back Connection(L4L7 firmware)), PhysicalPortGroup 2354, UP, 3.60.1276, OWNERSHIP_STATE_RESERVED, BEJ-BYanDell, BYan, Mon Oct 25 16:09:24 2010,None,2010-10-26 04:52:00
446, CHN, TBD, 10.61.40.192, 9, 1, 2,SPIRENT 10.61.40.192//8/2
(Back to Back Connection(L4L7 firmware)), PhysicalPortGroup 2354, UP, 3.60.1276, OWNERSHIP_STATE_RESERVED, BEJ-BYanDell, BYan, Mon Oct 25 16:09:24 2010,None,2010-10-26 04:52:00
447, CHN, TBD, 10.61.40.192, 9, 2, 3,SPIRENT 10.61.40.192//8/3
(Back to Back Connection(L4L7 firmware)), PhysicalPortGroup 2355, UP, 3.60.1276, OWNERSHIP_STATE_RESERVED, BEJ-BYanDell, BYan, Mon Oct 25 16:09:24 2010,None,2010-10-26 04:52:00
448, CHN, TBD, 10.61.40.192, 9, 2, 4,SPIRENT 10.61.40.192//8/4
(Back to Back Connection(L4L7 firmware)), PhysicalPortGroup 2355, UP, 3.60.1276, OWNERSHIP_STATE_RESERVED, BEJ-BYanDell, BYan, Mon Oct 25 16:09:24 2010,None,2010-10-26 04:52:00
449, CHN, TBD, 10.61.40.192, 9, 3, 5,SPIRENT 10.61.40.192//8/5
(Back to Back Connection(L4L7 firmware)), PhysicalPortGroup 2356, UP, 3.60.1276, OWNERSHIP_STATE_RESERVED, BEJ-BYanDell, BYan, Mon Oct 25 16:09:24 2010,None,2010-10-26 04:52:00
450, CHN, TBD, 10.61.40.192, 9, 3, 6,SPIRENT 10.61.40.192//8/6
(Back to Back Connection(L4L7 firmware)), PhysicalPortGroup 2356, UP, 3.60.1276, OWNERSHIP_STATE_RESERVED, BEJ-BYanDell, BYan, Mon Oct 25 16:09:24 2010,None,2010-10-26 04:52:00
451, CHN, TBD, 10.61.40.192, 9, 4, 7,SPIRENT 10.61.40.192//8/7
(Back to Back Connection(L4L7 firmware)), PhysicalPortGroup 2357, UP, 3.60.1276, OWNERSHIP_STATE_RESERVED, BEJ-BYanDell, BYan, Mon Oct 25 16:09:24 2010,None,2010-10-26 04:52:00
452, CHN, TBD, 10.61.40.192, 9, 4, 8,SPIRENT 10.61.40.192//8/8
(Back to Back Connection(L4L7 firmware)), PhysicalPortGroup 2357, UP, 3.60.1276, OWNERSHIP_STATE_RESERVED, BEJ-BYanDell, BYan, Mon Oct 25 16:09:24 2010,None,2010-10-26 04:52:00
453, CHN, TBD, 10.61.40.192, 9, 5, 9,SPIRENT 10.61.40.192//8/9
(Back to Back Connection(L4L7 firmware)), PhysicalPortGroup 2358, UP, 3.60.1276, OWNERSHIP_STATE_RESERVED, BEJ-BYanDell, BYan, Mon Oct 25 16:09:24 2010,None,2010-10-26 04:52:00
454, CHN, TBD, 10.61.40.192, 9, 5, 10,SPIRENT 10.61.40.192//8/10
(Back to Back Connection(L4L7 firmware)), PhysicalPortGroup 2358, UP, 3.60.1276, OWNERSHIP_STATE_RESERVED, BEJ-BYanDell, BYan, Mon Oct 25 16:09:24 2010,None,2010-10-26 04:52:00
455, CHN, TBD, 10.61.40.192, 9, 6, 11,SPIRENT 10.61.40.192//8/11
(Back to Back Connection(L4L7 firmware)), PhysicalPortGroup 2359, UP, 3.60.1276, OWNERSHIP_STATE_RESERVED, BEJ-BYanDell, BYan, Mon Oct 25 16:09:24 2010,None,2010-10-26 04:52:00
456, CHN, TBD, 10.61.40.192, 9, 6, 12,SPIRENT 10.61.40.192//8/12
(Back to Back Connection(L4L7 firmware)), PhysicalPortGroup 2359, UP, 3.60.1276, OWNERSHIP_STATE_RESERVED, BEJ-BYanDell, BYan, Mon Oct 25 16:09:24 2010,None,2010-10-26 04:52:00
457, CHN, TBD, 10.61.40.192, 10, 1, 1,TBD, PhysicalPortGroup 2041, UNKNOWN, 3.60.1070, OWNERSHIP_STATE_AVAILABLE, , , ,None,2010-10-11 08:50:00
458, CHN, TBD, 10.61.40.192, 10, 1, 2,TBD, PhysicalPortGroup 2041, UNKNOWN, 3.60.1070, OWNERSHIP_STATE_AVAILABLE, , , ,None,2010-10-11 08:50:00
459, CHN, TBD, 10.61.40.192, 10, 2, 3,TBD, PhysicalPortGroup 2042, UNKNOWN, 3.60.1070, OWNERSHIP_STATE_AVAILABLE, , , ,None,2010-10-11 08:50:00
460, CHN, TBD, 10.61.40.192, 10, 2, 4,TBD, PhysicalPortGroup 2042, UNKNOWN, 3.60.1070, OWNERSHIP_STATE_AVAILABLE, , , ,None,2010-10-11 08:50:00
461, CHN, TBD, 10.61.40.192, 10, 3, 5,TBD, PhysicalPortGroup 2043, UNKNOWN, 3.60.1070, OWNERSHIP_STATE_AVAILABLE, , , ,None,2010-10-11 08:50:00
462, CHN, TBD, 10.61.40.192, 10, 3, 6,TBD, PhysicalPortGroup 2043, UNKNOWN, 3.60.1070, OWNERSHIP_STATE_AVAILABLE, , , ,None,2010-10-11 08:50:00
463, CHN, TBD, 10.61.40.192, 10, 4, 7,TBD, PhysicalPortGroup 2044, UNKNOWN, 3.60.1070, OWNERSHIP_STATE_AVAILABLE, , , ,None,2010-10-11 08:50:00
464, CHN, TBD, 10.61.40.192, 10, 4, 8,TBD, PhysicalPortGroup 2044, UNKNOWN, 3.60.1070, OWNERSHIP_STATE_AVAILABLE, , , ,None,2010-10-11 08:50:00
465, CHN, TBD, 10.61.40.192, 10, 5, 9,TBD, PhysicalPortGroup 2045, UNKNOWN, 3.60.1070, OWNERSHIP_STATE_AVAILABLE, , , ,None,2010-10-11 08:50:00
466, CHN, TBD, 10.61.40.192, 10, 5, 10,TBD, PhysicalPortGroup 2045, UNKNOWN, 3.60.1070, OWNERSHIP_STATE_AVAILABLE, , , ,None,2010-10-11 08:50:00
467, CHN, TBD, 10.61.40.192, 10, 6, 11,TBD, PhysicalPortGroup 2046, UNKNOWN, 3.60.1070, OWNERSHIP_STATE_AVAILABLE, , , ,None,2010-10-11 08:50:00
468, CHN, TBD, 10.61.40.192, 10, 6, 12,TBD, PhysicalPortGroup 2046, UNKNOWN, 3.60.1070, OWNERSHIP_STATE_AVAILABLE, , , ,None,2010-10-11 08:50:00
469, CHN, TBD, 10.61.40.192, 12, 1, 1,TBD, PhysicalPortGroup 2410, UNKNOWN, 3.51.3176, OWNERSHIP_STATE_AVAILABLE, , , ,None,2010-10-22 10:43:00
470, CHN, TBD, 10.61.40.192, 12, 1, 2,TBD, PhysicalPortGroup 2410, UNKNOWN, 3.51.3176, OWNERSHIP_STATE_AVAILABLE, , , ,None,2010-10-22 10:43:00
471, CHN, TBD, 10.61.40.192, 12, 2, 3,TBD, PhysicalPortGroup 2411, UNKNOWN, 3.51.3176, OWNERSHIP_STATE_AVAILABLE, , , ,None,2010-10-22 10:43:00
472, CHN, TBD, 10.61.40.192, 12, 2, 4,TBD, PhysicalPortGroup 2411, UNKNOWN, 3.51.3176, OWNERSHIP_STATE_AVAILABLE, , , ,None,2010-10-22 10:43:00
473, CHN, TBD, 10.61.40.192, 12, 3, 5,TBD, PhysicalPortGroup 2412, UNKNOWN, 3.51.3176, OWNERSHIP_STATE_RESERVED, BEJ-JXuHp, JXu, Thu Oct 21 15:00:50 2010,None,2010-10-22 10:43:00
474, CHN, TBD, 10.61.40.192, 12, 3, 6,TBD, PhysicalPortGroup 2412, UNKNOWN, 3.51.3176, OWNERSHIP_STATE_RESERVED, BEJ-JXuHp, JXu, Thu Oct 21 15:00:50 2010,None,2010-10-22 10:43:00
475, CHN, TBD, 10.61.40.192, 12, 4, 7,TBD, PhysicalPortGroup 2413, UNKNOWN, 3.51.3176, OWNERSHIP_STATE_RESERVED, BEJ-JXuHp, JXu, Thu Oct 21 15:00:50 2010,None,2010-10-22 10:43:00
476, CHN, TBD, 10.61.40.192, 12, 4, 8,TBD, PhysicalPortGroup 2413, UNKNOWN, 3.51.3176, OWNERSHIP_STATE_RESERVED, BEJ-JXuHp, JXu, Thu Oct 21 15:00:50 2010,None,2010-10-22 10:43:00
477, CHN, TBD, 10.61.40.192, 12, 5, 9,TBD, PhysicalPortGroup 2414, UNKNOWN, 3.51.3176, OWNERSHIP_STATE_AVAILABLE, , , ,None,2010-10-22 10:43:00
478, CHN, TBD, 10.61.40.192, 12, 5, 10,TBD, PhysicalPortGroup 2414, UNKNOWN, 3.51.3176, OWNERSHIP_STATE_AVAILABLE, , , ,None,2010-10-22 10:43:00
479, CHN, TBD, 10.61.40.192, 12, 6, 11,TBD, PhysicalPortGroup 2415, UNKNOWN, 3.51.3176, OWNERSHIP_STATE_AVAILABLE, , , ,None,2010-10-22 10:43:00
480, CHN, TBD, 10.61.40.192, 12, 6, 12,TBD, PhysicalPortGroup 2415, UNKNOWN, 3.51.3176, OWNERSHIP_STATE_AVAILABLE, , , ,None,2010-10-22 10:43:00
